mutation_count,mouse_move_count,mouse_interaction_count,mouse_up_count,mouse_down_count,click_count,context_menu_count,dbl_click_count,focus_count,blur_count,touch_start_count,touch_move_departed_count,touch_end_count,touch_cancel_count,scroll_count,viewport_resize_count,input_count,touch_count,mutation_per_second,mouse_move_per_second,mouse_interaction_per_second,mouse_up_per_second,mouse_down_per_second,click_per_second,context_menu_per_second,dbl_click_per_second,focus_per_second,blur_per_second,touch_start_per_second,touch_move_departed_per_second,touch_end_per_second,touch_cancel_per_second,scroll_per_second,viewport_resize_per_second,input_per_second,touch_per_second,active_s,inactivity_s,step_id,DatesReha,Amounts,Dates,Table,Your Task,Prediction,Confidence,confidence_without_cal,recording_id,step_id,workunit_id
1083,7,32,2,2,4,0,0,12,12,0,0,0,0,5,0,119,0,23.68144843872999,0.1530656870462695,0.6997288550686609,0.0437330534417913,0.0437330534417913,0.0874661068835826,0.0,0.0,0.2623983206507478,0.2623983206507478,0.0,0.0,0.0,0.0,0.1093326336044782,0.0,2.6021166797865827,0.0,45.732,0.0,1000,0,0,0,0,1,Reliable,0.0,0.9999851,34HEO7RUG66D7R4OKP1072R8V9SRA5#28897e49-b4cd-40c5-93bf-f78f43c68c3b#1A2706PECE4BTXT,1000,Your Task
3134,10,39,3,3,5,0,0,14,14,0,0,0,0,7,0,61,0,81.5466278101582,0.2601998334721065,1.0147793505412157,0.0780599500416319,0.0780599500416319,0.1300999167360532,0.0,0.0,0.3642797668609492,0.3642797668609492,0.0,0.0,0.0,0.0,0.1821398834304746,0.0,1.58721898417985,0.0,38.432,15.506,1000,0,0,0,0,1,Reliable,0.0,0.9999882,3BAWBGQGYLBNHWN7M6UQY8ELF7Z7VN#a179c897-fcc2-4b44-9851-66257d269b3f#1AB4UCFTHEIRLO,1000,Your Task
4714,22,72,11,11,13,0,1,18,18,0,0,0,0,7,0,113,0,59.15793436656836,0.2760870929284056,0.903557758674782,0.1380435464642028,0.1380435464642028,0.1631423730940578,0.0,0.0125494133149275,0.2258894396686954,0.2258894396686954,0.0,0.0,0.0,0.0,0.0878458932044926,0.0,1.4180837045868104,0.0,79.685,0.0,1000,0,0,0,0,1,Reliable,0.0,0.9999851,3XBYQ44Z6PGNUJKJPJ2NP6PHBDRWTX#d8f97678-4156-4364-8747-004d842e9ca5#1AJI0OF83WY6QF,1000,Your Task
2613,11,39,3,3,5,0,0,14,14,0,0,0,0,6,0,91,0,71.30771749808973,0.3001855692609977,1.0642942910162647,0.0818687916166357,0.0818687916166357,0.1364479860277262,0.0,0.0,0.3820543608776334,0.3820543608776334,0.0,0.0,0.0,0.0,0.1637375832332714,0.0,2.4833533457046175,0.0,36.644,14.457,1000,0,0,0,0,1,Reliable,0.0,0.9999871,31YWE12TE0OFLLS2MLV8MTB6VI77XQ#33428c5c-320b-49d4-b492-46498180b21f#1AGFWS4MFMICJ5,1000,Your Task
4514,29,55,6,6,7,0,0,18,18,0,0,0,0,15,0,91,0,58.07431041580898,0.373095924248662,0.7075957184026349,0.0771922601893783,0.0771922601893783,0.090057636887608,0.0,0.0,0.231576780568135,0.231576780568135,0.0,0.0,0.0,0.0,0.1929806504734458,0.0,1.170749279538905,0.0,77.728,0.0,1000,0,0,0,0,1,Reliable,0.0,0.99998534,3RWB1RTQDJZECQVUAZDX6GLY4348PQ#a2cf2312-0044-4a37-959f-8e8efbdc50ef#1A1TX7VG682OFDO,1000,Your Task
2249,7,32,2,2,4,0,0,12,12,0,0,0,0,7,0,63,0,57.74069319640565,0.1797175866495507,0.821566110397946,0.0513478818998716,0.0513478818998716,0.1026957637997432,0.0,0.0,0.3080872913992297,0.3080872913992297,0.0,0.0,0.0,0.0,0.1797175866495507,0.0,1.6174582798459562,0.0,38.95,0.0,1000,0,0,0,0,1,Reliable,0.0,0.999987,3RDTX9JRTYDPKPA4J5PU6QPOOFG979#13627f8f-5a9c-4722-8232-dccb022baf20#1AYX0EWP48PYJG,1000,Your Task
5535,22,37,4,4,5,0,0,12,12,0,0,0,0,11,0,96,0,68.01258263498072,0.2703300484136541,0.4546459905138729,0.0491509178933916,0.0491509178933916,0.0614386473667395,0.0,0.0,0.147452753680175,0.147452753680175,0.0,0.0,0.0,0.0,0.135165024206827,0.0,1.1796220294414,0.0,81.38199999999999,12.87,1000,0,0,0,0,1,Reliable,0.0,0.99998593,3Q2T3FD0ONKMQQSB62Q9YVJSJC1M3G#0b82d918-0b7a-41a8-9369-2ae48627499a#1A2OPZ9V4LHZP39,1000,Your Task
3630,22,32,2,2,4,0,0,12,12,0,0,0,0,11,0,88,0,100.37884025108538,0.6083566075823356,0.884882338301579,0.0553051461438486,0.0553051461438486,0.1106102922876973,0.0,0.0,0.3318308768630921,0.3318308768630921,0.0,0.0,0.0,0.0,0.3041783037911678,0.0,2.4334264303293422,0.0,36.163,26.315,1000,0,0,0,0,1,Reliable,0.0,0.99998796,3ZG552ORAMGGVVQ1GUDV2HXD4RCV2U#a5bf477a-ff71-4bf4-8e46-3549d9a9be95#1A27ZS8SAIX3YC1,1000,Your Task
586,0,4,0,0,2,0,0,1,1,0,0,0,0,0,0,13,0,155.97551237689655,0.0,1.0646792653713075,0.0,0.0,0.5323396326856538,0.0,0.0,0.2661698163428269,0.2661698163428269,0.0,0.0,0.0,0.0,0.0,0.0,3.4602076124567493,0.0,3.756999999999998,24.64,1001,0,0,0,0,1,Reliable,0.0,0.9999912,3MGHRFQY2L1Q3FIS6IW1QS8SPAUY0M#e422ae83-3c4f-46cc-9697-21d65d2842a0#1A22AM327QRSABB,1001,Your Task
2898,15,67,4,4,7,0,0,26,26,0,0,0,0,10,0,33,0,112.26031377106337,0.5810575246949449,2.5953902769707535,0.1549486732519853,0.1549486732519853,0.2711601781909742,0.0,0.0,1.0071663761379044,1.0071663761379044,0.0,0.0,0.0,0.0,0.3873716831299632,0.0,1.2783265543288789,0.0,25.815,92.351,1000,0,0,0,0,1,Reliable,0.0,0.99999213,3NSM4HLQNR65I6W5W69MSCW835BQQ9#6523afd0-0164-4a4b-9f02-a607325446fc#1A2FYK7F1LF1HQS,1000,Your Task
876,7,32,2,2,4,0,0,12,12,0,0,0,0,5,0,72,0,53.62718089990817,0.4285277012549739,1.9589837771655951,0.1224364860728497,0.1224364860728497,0.2448729721456994,0.0,0.0,0.7346189164370982,0.7346189164370982,0.0,0.0,0.0,0.0,0.3060912151821242,0.0,4.40771349862259,0.0,16.335,0.0,1000,0,0,0,0,1,Reliable,0.0,0.999987,3HXK2V1N4KRXDY06RZE92GU3HCP2GD#a525478e-23e6-46fd-a83f-fd0086e5dae7#1A3C8E2JUH88MPY,1000,Your Task
3298,8,34,2,2,4,0,0,13,13,0,0,0,0,9,0,107,0,58.819332976636346,0.1426787943641876,0.6063848760477973,0.0356696985910469,0.0356696985910469,0.0713393971820938,0.0,0.0,0.2318530408418048,0.2318530408418048,0.0,0.0,0.0,0.0,0.160513643659711,0.0,1.9083288746210096,0.0,56.07,0.0,1000,0,0,0,0,1,Reliable,0.0,0.99998486,3566S7OX5DV7VK79FSA1RK75Q3S17S#41244c7c-d050-46cd-8e31-84e09b61b254#1A2JPBH207YW0UQ,1000,Your Task
2938,30,44,5,5,6,0,0,14,14,0,0,0,0,6,0,87,0,38.93505082230085,0.3975668906293483,0.5830981062563776,0.0662611484382247,0.0662611484382247,0.0795133781258696,0.0,0.0,0.1855312156270292,0.1855312156270292,0.0,0.0,0.0,0.0,0.0795133781258696,0.0,1.1529439828251102,0.0,75.459,0.0,1000,0,0,0,0,1,Reliable,0.0,0.9999865,3UEBBGULPF00JADDZZIXQEPJZO9FUA#166bfe0a-5f36-410a-bb48-d7b5dc994bf7#1A2YVOYSLGN6T9N,1000,Your Task
2424,14,32,2,2,4,0,0,12,12,0,0,0,0,11,0,57,0,58.59884929652372,0.3384421989073152,0.7735821689310062,0.0483488855581878,0.0483488855581878,0.0966977711163757,0.0,0.0,0.2900933133491273,0.2900933133491273,0.0,0.0,0.0,0.0,0.2659188705700334,0.0,1.3779432384083548,0.0,41.366,0.0,1000,0,0,0,0,1,Reliable,0.0,0.9999871,3ZXNP4Z39RXKLRBD82SKBZGJO9WL7H#9001cd9d-c023-4afc-a3bc-0515de97436d#1A1TU91GGHEXCY3,1000,Your Task
1733,6,38,3,3,4,0,0,14,14,0,0,0,0,4,0,75,0,49.88485895221646,0.1727115716753022,1.0938399539435808,0.0863557858376511,0.0863557858376511,0.1151410477835348,0.0,0.0,0.4029936672423719,0.4029936672423719,0.0,0.0,0.0,0.0,0.1151410477835348,0.0,2.158894645941278,0.0,34.74,0.0,1000,0,0,0,0,1,Reliable,0.0,0.9999869,3KTZHH2ONIR8RNYHIJL5PCR3ZYT8MU#b16fe459-77ac-43bb-9bd4-2d07b49e9b67#1A3GMJ6VWF14GG8,1000,Your Task
2837,9,54,2,2,4,0,0,23,23,0,0,0,0,10,0,27,0,114.38132483973712,0.3628593315324759,2.1771559891948553,0.0806354070072168,0.0806354070072168,0.1612708140144337,0.0,0.0,0.927307180582994,0.927307180582994,0.0,0.0,0.0,0.0,0.4031770350360843,0.0,1.0885779945974277,0.0,24.803,0.0,1000,0,0,0,0,1,Reliable,0.0,0.9999876,34O39PNDK6KIQ19GQ31W2DBEDRDRB0#c25b7f13-f83c-42ea-8dee-c184979324c1#1A2CISGF0TU0J75,1000,Your Task
3103,21,34,3,3,4,0,0,12,12,0,0,0,0,13,0,71,0,60.70625061136652,0.4108383057810819,0.6651667807884183,0.0586911865401545,0.0586911865401545,0.0782549153868727,0.0,0.0,0.2347647461606182,0.2347647461606182,0.0,0.0,0.0,0.0,0.2543284750073364,0.0,1.389024748116991,0.0,51.115,0.0,1000,0,0,0,0,1,Reliable,0.0,0.9999865,3OCZWXS7ZOJ5YNXUK9DNDF2NX325LN#abb471ab-d9a9-4060-a53f-669939c305c0#1A2RKFTWTSJQE6S,1000,Your Task
1124,6,54,2,2,4,0,0,23,23,0,0,0,0,11,0,27,0,78.93812767750543,0.4213779057518084,3.792401151766275,0.1404593019172694,0.1404593019172694,0.2809186038345389,0.0,0.0,1.615281972048599,1.615281972048599,0.0,0.0,0.0,0.0,0.772526160544982,0.0,1.8962005758831375,0.0,14.239,0.0,1000,0,0,0,0,1,Reliable,0.0,0.99998784,3OPLMF3EU5Z9OC30O9997W29OO2LNT#8c21860b-1a34-4090-bc94-1fd80f6184ff#1AYX0EWP48PYJG,1000,Your Task
3226,21,52,5,5,6,0,0,18,18,0,0,0,0,6,0,51,0,57.1661468670258,0.3721292883470371,0.9214629997164728,0.0886022115111993,0.0886022115111993,0.1063226538134391,0.0,0.0,0.3189679614403175,0.3189679614403175,0.0,0.0,0.0,0.0,0.1063226538134391,0.0,0.903742557414233,0.0,56.432,0.0,1000,0,0,0,0,1,Reliable,0.0,0.9999875,31JUPBOORNGOL5GWI7KQPZCEZT38LS#0ae261ce-1cbe-4cec-8f07-8e43b9f7ccf5#1A8IH6UFVG5VO7,1000,Your Task
1944,0,24,0,0,2,0,0,11,11,0,0,0,0,5,0,87,0,60.927069295139,0.0,0.7521860406807284,0.0,0.0,0.0626821700567273,0.0,0.0,0.3447519353120005,0.3447519353120005,0.0,0.0,0.0,0.0,0.1567054251418184,0.0,2.72667439746764,0.0,31.907,0.0,1000,0,0,0,0,1,Reliable,0.0,0.99998605,3MYASTQBG7NBTXS0RK32SDP9KQMQD4#fc0937ac-9feb-4c5b-907c-13b815884645#1A1OHRPQV7ZQRW9,1000,Your Task
2014,15,34,3,3,4,0,0,12,12,0,0,0,0,7,0,93,0,56.83646112600536,0.4233102864399604,0.959503315930577,0.084662057287992,0.084662057287992,0.1128827430506561,0.0,0.0,0.3386482291519683,0.3386482291519683,0.0,0.0,0.0,0.0,0.1975448003386482,0.0,2.624523775927755,0.0,35.435,0.0,1000,0,0,0,0,1,Reliable,0.0,0.99998605,3ZC62PVYDHM900YT4YZ6GSOUXBLXXA#d9e32f96-ff46-4fc6-aba1-d88c29c873f9#1A3ABJN1IL7UCZ8,1000,Your Task
2478,7,51,2,2,5,0,0,21,21,0,0,0,0,7,0,72,0,75.12733446519525,0.2122241086587436,1.546204220227989,0.0606354596167838,0.0606354596167838,0.1515886490419597,0.0,0.0,0.6366723259762309,0.6366723259762309,0.0,0.0,0.0,0.0,0.2122241086587436,0.0,2.18287654620422,0.0,32.984,0.0,1000,0,0,0,0,1,Reliable,0.0,0.99998605,3D4BBDG7ZH89H4GKTDWVVZEGPYX3CF#0d77d03a-7b40-4674-8cc8-d731aec2e3f3#1A2QR2HEZRBAMB8,1000,Your Task
201,11,44,3,3,4,0,0,17,17,0,0,0,0,7,0,84,0,4.188721710498895,0.2292335264452132,0.9169341057808528,0.0625182344850581,0.0625182344850581,0.0833576459800775,0.0,0.0,0.3542699954153295,0.3542699954153295,0.0,0.0,0.0,0.0,0.1458758804651356,0.0,1.750510565581628,0.0,47.986,0.0,1000,0,0,0,0,1,Reliable,0.0,0.99998665,36D1BWBEHNDX58WS22C4FLE0DY1M25#aef5d5aa-792a-4e53-92c3-9eacda2e09dc#1A1H03X5S3QT1B7,1000,Your Task
800,14,23,3,3,5,0,0,6,6,0,0,0,0,3,0,24,0,41.98373130411965,0.734715297822094,1.20703227499344,0.1574389923904487,0.1574389923904487,0.2623983206507478,0.0,0.0,0.3148779847808974,0.3148779847808974,0.0,0.0,0.0,0.0,0.1574389923904487,0.0,1.2595119391235896,0.0,19.055,0.0,1000,0,0,0,0,1,Reliable,0.0,0.9999893,3GMLHYZ0LE96J1U84PALFZWZ5ZYUYL#d594ed1c-be6c-41cb-bd5b-91da72af5b29#1ALZWAE1KBLOZH,1000,Your Task
8473,41,77,11,11,13,0,1,21,20,0,0,0,0,9,0,157,0,72.57636235930995,0.3511897623901461,0.659551504976616,0.0942216435680879,0.0942216435680879,0.1113528514895585,0.0,0.0085656039607352,0.1798776831754407,0.1713120792147054,0.0,0.0,0.0,0.0,0.0770904356466174,0.0,1.3447998218354378,0.0,116.746,31.705,1000,0,0,0,0,1,Reliable,0.0,0.9999857,3PMR2DOWOOD90FQ9EHE6RY0CBH754U#54a6a714-706a-44a5-a767-92f4bff71df4#1A3QOH49HZYE7UG,1000,Your Task
1560,0,23,0,0,3,0,0,10,10,0,0,0,0,5,0,32,0,58.104886769964246,0.0,0.8566746126340883,0.0,0.0,0.1117401668653158,0.0,0.0,0.3724672228843861,0.3724672228843861,0.0,0.0,0.0,0.0,0.186233611442193,0.0,1.1918951132300355,0.0,26.848,0.0,1000,0,0,0,0,1,Reliable,0.0,0.9999882,3W9XHF7WGK7WZJQ205JK1VVMO6IKTP#ebe25ae5-9a89-466a-81be-85503088aaba#1A1YJT0SSHTMVEC,1000,Your Task
1037,6,34,3,3,4,0,0,12,12,0,0,0,0,8,0,86,0,31.407111272639167,0.1817190623296384,1.0297413532012842,0.0908595311648192,0.0908595311648192,0.1211460415530922,0.0,0.0,0.3634381246592768,0.3634381246592768,0.0,0.0,0.0,0.0,0.2422920831061845,0.0,2.604639893391483,0.0,33.018,0.0,1000,0,0,0,0,1,Reliable,0.0,0.9999864,3XEIP58NL0Z351HJRXK32J9IY2ALZA#d29157d5-c86f-4fba-8ea0-7ee3586d7298#1A2AQ4PD3ON4OR4,1000,Your Task
2232,12,35,3,3,4,0,0,13,12,0,0,0,0,11,0,78,0,59.477176432968264,0.3197697657686466,0.9326618168252192,0.0799424414421616,0.0799424414421616,0.1065899219228821,0.0,0.0,0.3464172462493671,0.3197697657686466,0.0,0.0,0.0,0.0,0.293122285287926,0.0,2.0785034774962026,0.0,37.527,0.0,1000,0,0,0,0,1,Reliable,0.0,0.9999865,306996CF6WWUXWAZS9MHWMT19TJB1O#ddc866aa-ad64-4b01-b058-024ca38768c1#1A335JFBVTTS2R0,1000,Your Task
3096,12,36,3,3,4,0,0,13,13,0,0,0,0,7,0,81,0,63.57289527720739,0.2464065708418891,0.7392197125256673,0.0616016427104722,0.0616016427104722,0.082135523613963,0.0,0.0,0.2669404517453798,0.2669404517453798,0.0,0.0,0.0,0.0,0.1437371663244353,0.0,1.6632443531827514,0.0,48.7,0.0,1000,0,0,0,0,1,Reliable,0.0,0.9999863,3ZFRE2BDQ9QY5VY85GNRDD455BJXZ7#39068f59-f231-4b0e-a9be-0a68e8c49cec#1A37118EJD5FF12,1000,Your Task
2922,15,56,4,4,6,0,0,21,21,0,0,0,0,9,0,58,0,80.66475265017668,0.4140901060070672,1.5459363957597174,0.1104240282685512,0.1104240282685512,0.1656360424028268,0.0,0.0,0.579726148409894,0.579726148409894,0.0,0.0,0.0,0.0,0.2484540636042403,0.0,1.601148409893993,0.0,36.224,0.0,1000,0,0,0,0,1,Reliable,0.0,0.99998677,3T6SSHJUZFMFKAK36QZ4A8E0LLDIIV#6248624e-1e6c-406c-a765-390b144033e9#1A3SC8T3SLBLJHL,1000,Your Task
7394,12,41,3,3,5,0,0,15,15,0,0,0,0,8,2,93,0,99.47397451937952,0.1614400452032126,0.5515868211109766,0.0403600113008031,0.0403600113008031,0.0672666855013386,0.0,0.0,0.2018000565040158,0.2018000565040158,0.0,0.0,0.0,0.0,0.1076266968021417,0.0269066742005354,1.251160350324898,0.0,74.331,77.841,1000,0,0,0,0,1,Reliable,0.0,0.99999094,3FO95NVK5CCH7NQI1PNRS2LEHFZRS1#2ff4a54e-1dc8-456f-8999-dcd686df516c#1A1P8UL0AUOYTB4,1000,Your Task
5510,9,32,2,2,4,0,0,12,12,0,0,0,0,5,0,72,0,186.68473657462303,0.3049296967643571,1.0841944773843808,0.0677621548365238,0.0677621548365238,0.1355243096730476,0.0,0.0,0.4065729290191428,0.4065729290191428,0.0,0.0,0.0,0.0,0.1694053870913095,0.0,2.439437574114857,0.0,29.515,55.5,1000,0,0,0,0,1,Reliable,0.0,0.99998856,3D1UCPY6GGL751Q7C1GQTDIXZ7C83E#d72ddd53-6aa2-4f52-9591-ba889d4451b9#1A32RJUGII7UQFA,1000,Your Task
4264,33,72,9,9,10,0,1,22,21,0,0,0,0,7,0,73,0,57.39591605981882,0.4441991627518811,0.969161809640468,0.1211452262050584,0.1211452262050584,0.1346058068945094,0.0,0.0134605806894509,0.2961327751679207,0.2826721944784698,0.0,0.0,0.0,0.0,0.0942240648261566,0.0,0.9826223903299188,0.0,74.291,17.745,1000,0,0,0,0,1,Reliable,0.0,0.9999882,3W0KKJIARRLD1ZYEX78PAZZZATY8KP#892e48c6-2481-4f13-b161-b97bd1d38c46#1A2XQN67Q8B8IIB,1000,Your Task
1193,10,33,2,2,4,0,0,13,12,0,0,0,0,7,0,61,0,38.328085844631495,0.3212748184797275,1.0602069009831008,0.0642549636959455,0.0642549636959455,0.128509927391891,0.0,0.0,0.4176572640236458,0.385529782175673,0.0,0.0,0.0,0.0,0.2248923729358092,0.0,1.959776392726338,0.0,31.126000000000005,120.38,1000,0,0,0,0,1,Reliable,0.0,0.9999937,3VCK0Q0PO5QWRGEEZGNQ9CALLQR0NZ#459eab66-f43f-4619-812c-5bdb4cc89a17#1A2DBZMYK9TONFA,1000,Your Task
1268,7,35,2,2,4,0,0,14,13,0,0,0,0,7,0,44,0,45.789397659974,0.2527805864509606,1.2639029322548028,0.0722230247002744,0.0722230247002744,0.1444460494005489,0.0,0.0,0.5055611729019212,0.4694496605517839,0.0,0.0,0.0,0.0,0.2527805864509606,0.0,1.588906543406038,0.0,27.692,0.0,1000,0,0,0,0,1,Reliable,0.0,0.99998796,3ZQA3IO31B3EGQZ8WER326T0GS1O14#e4361417-36b6-4244-aeda-1420829595d3#1AN5J5QBQN0ECO,1000,Your Task
3401,10,32,2,2,4,0,0,12,12,0,0,0,0,6,0,92,0,62.079036232545405,0.1825317148854613,0.5841014876334764,0.0365063429770922,0.0365063429770922,0.0730126859541845,0.0,0.0,0.2190380578625536,0.2190380578625536,0.0,0.0,0.0,0.0,0.1095190289312768,0.0,1.6792917769462443,0.0,54.785,0.0,1000,0,0,0,0,1,Reliable,0.0,0.9999858,3KLL7H3EGDDKALTJZFG2PL3FTAUVHC#5823c2c6-4e81-41f4-884f-4256c662a4bc#1ALZWAE1KBLOZH,1000,Your Task
525,0,15,0,0,2,0,0,7,6,0,0,0,0,2,0,53,0,22.613714679531356,0.0,0.6461061337008959,0.0,0.0,0.0861474844934527,0.0,0.0,0.3015161957270847,0.2584424534803584,0.0,0.0,0.0,0.0,0.0861474844934527,0.0,2.282908339076499,0.0,23.216,0.0,1001,0,0,0,0,1,Reliable,0.0,0.9999882,3Q7TKIAPOTM020CNZFV6BRQFAKZLDA#6ea6b2f8-ecc8-4bba-b184-ed9ef901f42e#1A22AM327QRSABB,1001,Your Task
189,15,49,3,3,5,0,0,19,19,0,0,0,0,8,1,83,0,6.829268292682927,0.5420054200542005,1.7705510388437218,0.1084010840108401,0.1084010840108401,0.1806684733514001,0.0,0.0,0.6865401987353207,0.6865401987353207,0.0,0.0,0.0,0.0,0.2890695573622402,0.03613369467028,2.9990966576332427,0.0,27.675,0.0,1468,0,0,1,0,0,Reliable,0.0,0.99999523,37SDSEDIN9EBVYCSPX275K301NX18E#93219fd8-24cc-4a25-a1ce-1b97c7a87fad#1A13LMJ6GD7Z09M,1468,Dates -  1/1
3907,18,46,4,4,6,0,0,16,16,0,0,0,0,14,1,58,0,84.60738879986141,0.3897960067564641,0.9961453505998528,0.0866213348347698,0.0866213348347698,0.1299320022521547,0.0,0.0,0.3464853393390792,0.3464853393390792,0.0,0.0,0.0,0.0,0.3031746719216943,0.0216553337086924,1.2560093551041622,0.0,46.178,0.0,1000,0,0,0,0,1,Reliable,0.0,0.9999883,38G0E1M85MHPF7Z3ZEN180S5NIWUVC#5a45cff5-8561-4a40-aa85-9b38ad1eca80#1A2BTDOLZCDMPV3,1000,Your Task
13030,74,59,8,8,7,0,0,18,18,0,0,0,0,64,0,71,0,79.6849295800488,0.4525467988429479,0.360814339618026,0.0489239782532916,0.0489239782532916,0.0428084809716302,0.0,0.0,0.1100789510699062,0.1100789510699062,0.0,0.0,0.0,0.0,0.3913918260263333,0.0,0.4342003069979635,0.0,163.519,0.0,1000,0,0,0,0,1,Reliable,0.0,0.9999857,3VI0PC2ZAYWM6RK137CAXFX1L7GXO5#3f71a8ed-0694-4944-a8c3-75d8f58d3dee#1AJ1N9XLZOCFRC,1000,Your Task
2178,11,45,5,5,7,0,0,14,14,0,0,0,0,13,0,83,0,58.030480656506455,0.2930832356389214,1.1989768730683152,0.1332196525631461,0.1332196525631461,0.1865075135884046,0.0,0.0,0.3730150271768092,0.3730150271768092,0.0,0.0,0.0,0.0,0.3463710966641799,0.0,2.2114462325482256,0.0,37.532,0.0,1000,0,0,0,0,1,Reliable,0.0,0.99998605,3EHIMLB7F7BMZ9X6RM5SX7J7ICU8HL#bff83ee9-a645-45be-bb0f-c531cf1b8831#1A2IFM7AJ7SP95Q,1000,Your Task
1714,0,44,0,0,2,0,0,21,21,0,0,0,0,10,0,28,0,96.3896074682263,0.0,2.4744123270723204,0.0,0.0,0.1124732875941963,0.0,0.0,1.180969519739062,1.180969519739062,0.0,0.0,0.0,0.0,0.5623664379709818,0.0,1.5746260263187493,0.0,17.782,0.0,1000,0,0,0,0,1,Reliable,0.0,0.9999876,3BA7SXOG1J2ZO3B9NRHMBBLD5LSR81#4033d4ff-e703-4e47-885f-9489aface31e#1A5OH0SQJYFO2H,1000,Your Task
2649,10,30,2,2,4,0,0,11,11,0,0,0,0,9,0,52,0,93.97282627975451,0.3547483060768385,1.0642449182305154,0.0709496612153677,0.0709496612153677,0.1418993224307354,0.0,0.0,0.3902231366845223,0.3902231366845223,0.0,0.0,0.0,0.0,0.3192734754691546,0.0,1.84469119159956,0.0,28.189,34.587,1000,0,0,0,0,1,Reliable,0.0,0.99998987,3SMIWMMK61H2UWZ8POSXU2BJURYUWM#fe3125d9-5bf6-4b0d-9823-aaee0c42a41c#1A2CDO9B1U5UZFZ,1000,Your Task
2095,18,38,3,3,4,0,0,14,14,0,0,0,0,15,0,94,0,35.33121964382083,0.3035617916891527,0.6408526713437669,0.0505936319481921,0.0505936319481921,0.0674581759309228,0.0,0.0,0.2361036157582299,0.2361036157582299,0.0,0.0,0.0,0.0,0.2529681597409606,0.0,1.5852671343766864,0.0,59.296,0.0,1000,0,0,0,0,1,Reliable,0.0,0.9999856,3P0I4CQYVYJ7HRFBT2GOVWJUC5BOW4#0cffc026-46bb-4bb1-836f-15df2bccd8ec#1A2TYYPX03VDC1F,1000,Your Task
4541,17,37,3,3,5,0,0,13,13,0,0,0,0,11,0,96,0,100.06610841780518,0.3746143675628029,0.8153371529308063,0.0661084178052005,0.0661084178052005,0.1101806963420008,0.0,0.0,0.2864698104892022,0.2864698104892022,0.0,0.0,0.0,0.0,0.2423975319524018,0.0,2.1154693697664166,0.0,45.38000000000001,31.237,1000,0,0,0,0,1,Reliable,0.0,0.9999876,3MJ9GGZYO3IW37N35ZMZ6UJ0JHC2A1#a476bdad-67a4-4d77-a534-d7254e339a59#1A200KTWY8XLIOY,1000,Your Task
2547,7,38,3,3,4,0,0,14,14,0,0,0,0,5,0,65,0,70.1305137948125,0.192741891073297,1.0463131229693263,0.0826036676028415,0.0826036676028415,0.1101382234704554,0.0,0.0,0.385483782146594,0.385483782146594,0.0,0.0,0.0,0.0,0.1376727793380693,0.0,1.7897461313949008,0.0,36.318,0.0,1000,0,0,0,0,1,Reliable,0.0,0.999987,3PCPFX4U4028RH6WIQYSGDSUW33FQ5#7ba52c88-94c4-4464-93a9-f5b055948fd9#1A1V354P8Y69WRH,1000,Your Task
3244,3,51,1,1,3,0,0,23,23,0,0,0,0,10,0,33,0,106.65789906296236,0.0986355416735163,1.676804208449778,0.0328785138911721,0.0328785138911721,0.0986355416735163,0.0,0.0,0.7562058194969588,0.7562058194969588,0.0,0.0,0.0,0.0,0.3287851389117212,0.0,1.08499095840868,0.0,30.415,0.0,1000,0,0,0,0,1,Reliable,0.0,0.9999871,3LEG2HW4UFZRZY4BGF8RKVURGXP2FE#5985094d-b6e0-48fc-8f0e-7c8474b6ee15#1A1OHRPQV7ZQRW9,1000,Your Task
4516,12,34,3,3,4,0,0,12,12,0,0,0,0,5,0,109,0,76.31343258360512,0.2027814860503236,0.5745475438092502,0.0506953715125809,0.0506953715125809,0.0675938286834412,0.0,0.0,0.2027814860503236,0.2027814860503236,0.0,0.0,0.0,0.0,0.0844922858543015,0.0,1.8419318316237727,0.0,59.177,0.0,1000,0,0,0,0,1,Reliable,0.0,0.9999851,3UL5XDRDNCVAJGDBQK4J8AGHD33581#c31a53a0-5caa-4225-9f04-a3062204e544#1A2JPBH207YW0UQ,1000,Your Task
737,11,42,5,5,6,0,0,13,13,0,0,0,0,8,0,86,0,22.77643859323815,0.3399468446751962,1.297978861487113,0.1545212930341801,0.1545212930341801,0.1854255516410161,0.0,0.0,0.4017553618888683,0.4017553618888683,0.0,0.0,0.0,0.0,0.2472340688546882,0.0,2.657766240187898,0.0,32.358,0.0,1000,0,0,0,0,1,Reliable,0.0,0.99998665,3IZPORCT1FLSHEC2QVBSOOEC84IRHG#93b4fa86-5dc0-4772-a710-f4da57865522#1A37118EJD5FF12,1000,Your Task
2586,8,49,3,3,5,0,0,19,19,0,0,0,0,8,0,70,0,75.10019167102283,0.2323285125166986,1.4230121391647792,0.0871231921937619,0.0871231921937619,0.1452053203229366,0.0,0.0,0.5517802172271592,0.5517802172271592,0.0,0.0,0.0,0.0,0.2323285125166986,0.0,2.032874484521113,0.0,34.434,0.0,1000,0,0,0,0,1,Reliable,0.0,0.9999863,3MQY1YVHS3W1MHSVBDMV15361ZXB25#a9ec0699-8db1-414b-9973-f9567a0d3749#1A32RJUGII7UQFA,1000,Your Task
3937,23,22,2,2,4,0,0,7,7,0,0,0,0,22,0,43,0,132.48309048692667,0.7739677625601508,0.7403169902749268,0.0673015445704478,0.0673015445704478,0.1346030891408957,0.0,0.0,0.2355554059965676,0.2355554059965676,0.0,0.0,0.0,0.0,0.7403169902749268,0.0,1.4469832082646297,0.0,29.717,21.043,1000,0,0,0,0,1,Reliable,0.0,0.9999887,39KMGHJ4RZMT6KM7YALSY0E8DXG00O#256ebff4-739a-4b92-8eae-c3f27f333ada#1A2DBZMYK9TONFA,1000,Your Task
760,0,14,0,0,2,0,0,6,6,0,0,0,0,3,0,50,0,35.02304147465438,0.0,0.6451612903225806,0.0,0.0,0.0921658986175115,0.0,0.0,0.2764976958525346,0.2764976958525346,0.0,0.0,0.0,0.0,0.1382488479262673,0.0,2.3041474654377883,0.0,21.7,0.0,1001,0,0,0,0,1,Reliable,0.0,0.9999881,3BPP3MA3TCW5U6QNVA6QH980AW0LE3#abec5ee1-a62e-4b31-8a8e-3259b7f37fd9#1A22AM327QRSABB,1001,Your Task
2372,14,34,2,2,5,0,0,13,12,0,0,0,0,7,0,63,0,54.45362718089991,0.3213957759412305,0.7805325987144168,0.0459136822773186,0.0459136822773186,0.1147842056932966,0.0,0.0,0.2984389348025711,0.2754820936639118,0.0,0.0,0.0,0.0,0.1606978879706152,0.0,1.446280991735537,0.0,43.56,0.0,1000,0,0,0,0,1,Reliable,0.0,0.9999871,329E6HTMSWER02S8LQDTJIROU763KS#f298e2b9-4a18-4fca-9a88-2e965d3efa37#1A2QV5WM21PNEN,1000,Your Task
7300,20,45,5,5,6,0,0,15,14,0,0,0,0,6,0,82,0,160.2986385595081,0.4391743522178304,0.9881422924901184,0.1097935880544576,0.1097935880544576,0.1317523056653491,0.0,0.0,0.3293807641633728,0.3074220465524813,0.0,0.0,0.0,0.0,0.1317523056653491,0.0,1.800614844093105,0.0,45.540000000000006,69.589,1000,0,0,0,0,1,Reliable,0.0,0.9999877,3R15W654VD5UR9GS411QBQXETZOQLK#81ea8e59-fa66-4c10-a083-af44454aab2a#1A3BKLLX3O7IZM5,1000,Your Task
1533,6,37,3,3,5,0,0,13,13,0,0,0,0,5,0,118,0,32.84343131373725,0.128545719427543,0.7926986031365155,0.0642728597137715,0.0642728597137715,0.1071214328562858,0.0,0.0,0.2785157254263433,0.2785157254263433,0.0,0.0,0.0,0.0,0.1071214328562858,0.0,2.528065815408347,0.0,46.676,0.0,1000,0,0,0,0,1,Reliable,0.0,0.9999851,3OEWW2KGQJN88LFKC7BY38U95P5ODV#76753990-88f0-4843-8287-ee8940a37ad3#1A1S7C0CHDULDKE,1000,Your Task
460,7,16,2,2,4,0,0,4,4,0,0,0,0,0,0,32,0,45.68931267381804,0.6952721493841876,1.5891934843067144,0.1986491855383393,0.1986491855383393,0.3972983710766786,0.0,0.0,0.3972983710766786,0.3972983710766786,0.0,0.0,0.0,0.0,0.0,0.0,3.1783869686134287,0.0,10.068,11.005,1000,0,0,0,0,1,Reliable,0.0,0.99998987,3XAOZ9UYRZ3H12COBRJ7RBO0VTJQ1E#9be75d1d-741c-487c-bc7c-7e67a0768c19#1A3LYA1OKNFQC87,1000,Your Task
1957,66,42,7,8,8,0,0,10,9,0,0,0,0,0,1,57,0,20.491073765771425,0.6910632951154391,0.4397675514370975,0.0732945919061829,0.0837652478927804,0.0837652478927804,0.0,0.0,0.1047065598659756,0.094235903879378,0.0,0.0,0.0,0.0,0.0,0.0104706559865975,0.596827391236061,0.0,95.505,0.0,1001,0,0,0,0,1,Reliable,0.0,0.9999908,31ANT7FQN8E3CRE4TOYPLN9GGMT5HG#f27b2f48-cec8-4ed0-9b1d-838ec1542905#1A6DFZKR0TAJOF,1001,Your Task
827,8,24,2,2,5,0,0,8,7,0,0,0,0,4,0,32,0,46.96195343554798,0.4542873367404884,1.362862010221465,0.1135718341851221,0.1135718341851221,0.2839295854628052,0.0,0.0,0.4542873367404884,0.3975014196479273,0.0,0.0,0.0,0.0,0.2271436683702442,0.0,1.8171493469619535,0.0,17.61,39.965,1000,0,0,0,0,1,Reliable,0.0,0.9999913,3XQ4XW3OD9O0339XMZ8QRUD65NIS2M#78de51a5-c017-4e3c-9485-1cf8f2dc94ff#1A3AMQZEK5KLOD5,1000,Your Task
1888,17,52,6,6,7,0,0,17,16,0,0,0,0,4,2,92,0,55.53594540534181,0.5000588304506414,1.52959171667255,0.1764913519237557,0.1764913519237557,0.2059065772443817,0.0,0.0,0.5000588304506414,0.4706436051300153,0.0,0.0,0.0,0.0,0.1176609012825038,0.0588304506412519,2.7062007294975885,0.0,33.995999999999995,84.935,1000,0,0,0,0,1,Reliable,0.0,0.99999356,3EHVO81VN5X4O9DLS1WDIXWZ46O1HU#9fb8701c-a3be-4dc8-bfe1-ba7d8f62186d#1AJ91Y71JCKQ8O,1000,Your Task
2396,9,56,3,3,4,0,0,23,23,0,0,0,0,10,0,47,0,55.82739177035277,0.2097022228435621,1.3048138310266089,0.069900740947854,0.069900740947854,0.093200987930472,0.0,0.0,0.5359056806002144,0.5359056806002144,0.0,0.0,0.0,0.0,0.2330024698261801,0.0,1.0951116081830468,0.0,42.918,0.0,1000,0,0,0,0,1,Reliable,0.0,0.9999871,39N6W9XWRDZNEJTDKKL4BKV8WRJYGP#a498b675-68db-40f7-a4d0-efd150609521#1A1A8IC9BQ8JM29,1000,Your Task
2115,13,32,2,2,4,0,0,12,12,0,0,0,0,10,0,79,0,58.905444924105275,0.3620665645453279,0.8912407742654226,0.0557025483915889,0.0557025483915889,0.1114050967831778,0.0,0.0,0.3342152903495334,0.3342152903495334,0.0,0.0,0.0,0.0,0.2785127419579445,0.0,2.200250661467762,0.0,35.905,0.0,1000,0,0,0,0,1,Reliable,0.0,0.9999863,3EAWOID6MT99ZLNN179HJT4Y7TT0VG#97778735-366e-43d7-9855-340dc18b764c#1A1Y2C8QKGKF0ZP,1000,Your Task
1225,8,40,3,3,6,0,0,14,14,0,0,0,0,10,0,88,0,30.380437478299687,0.1984028570011408,0.992014285005704,0.0744010713754278,0.0744010713754278,0.1488021427508556,0.0,0.0,0.3472049997519964,0.3472049997519964,0.0,0.0,0.0,0.0,0.248003571251426,0.0,2.1824314270125487,0.0,40.322,0.0,1000,0,0,0,0,1,Reliable,0.0,0.99998593,3XBYQ44Z6PGNUJKJPJ2NP6PHBDSWTY#61b7a27d-7d31-482f-b762-f2de82f586ae#1AZ7IA8R4PPGZL,1000,Your Task
4298,15,42,4,4,6,0,0,14,14,0,0,0,0,5,0,111,0,57.43608932127059,0.2004516844623217,0.5612647164945009,0.0534537825232858,0.0534537825232858,0.0801806737849287,0.0,0.0,0.1870882388315003,0.1870882388315003,0.0,0.0,0.0,0.0,0.0668172281541072,0.0,1.483342465021181,0.0,74.831,0.0,1000,0,0,0,0,1,Reliable,0.0,0.999985,30UZJB2POHOOIJ75E39NHT86XHB539#435cabb5-f1bc-4998-abde-d2634dc128b4#1A1Y2C8QKGKF0ZP,1000,Your Task
2344,8,32,3,3,4,0,0,11,11,0,0,0,0,2,0,67,0,76.04710767933038,0.2595464425915713,1.0381857703662851,0.0973299159718392,0.0973299159718392,0.1297732212957856,0.0,0.0,0.3568763585634105,0.3568763585634105,0.0,0.0,0.0,0.0,0.0648866106478928,0.0,2.1737014567044093,0.0,30.822999999999997,26.245,1000,0,0,0,0,1,Reliable,0.0,0.9999893,33EEIIWHK7JXNESMI53WYZVGKXQQV3#c7648c97-ed9e-4e8a-903d-7dc9980a45e2#1A3GMJ6VWF14GG8,1000,Your Task
2687,12,46,4,4,6,0,0,16,16,0,0,0,0,5,0,79,0,77.38386660138814,0.3455922587334044,1.3247703251447167,0.1151974195778014,0.1151974195778014,0.1727961293667022,0.0,0.0,0.4607896783112058,0.4607896783112058,0.0,0.0,0.0,0.0,0.1439967744722518,0.0,2.275149036661579,0.0,34.723,0.0,1000,0,0,0,0,1,Reliable,0.0,0.9999864,386659BNTLTTD97PUTPSC5XIIPM01R#10d93285-8b2b-4707-b91f-c050c4373ab4#1A1OU8857XHDY0U,1000,Your Task
1841,9,33,2,2,4,0,0,13,12,0,0,0,0,5,0,90,0,35.189326605118794,0.1720282126268708,0.6307701129651929,0.0382284916948601,0.0382284916948601,0.0764569833897203,0.0,0.0,0.2484851960165911,0.229370950169161,0.0,0.0,0.0,0.0,0.0955712292371504,0.0,1.720282126268708,0.0,52.317,0.0,1000,0,0,0,0,1,Reliable,0.0,0.9999863,32TMVRKDGNASNX9BCFL93IA3D7884Z#af365264-3d0b-4b51-b019-cf75bed75382#1AMKH3HNPQJIL4,1000,Your Task
2444,15,63,4,4,5,0,0,25,25,0,0,0,0,13,0,31,0,99.22455442328771,0.6089886728106857,2.55775242580488,0.1623969794161828,0.1623969794161828,0.2029962242702285,0.0,0.0,1.0149811213511428,1.0149811213511428,0.0,0.0,0.0,0.0,0.5277901831025943,0.0,1.2585765904754171,0.0,24.631,0.0,1000,0,0,0,0,1,Reliable,0.0,0.9999875,3GL25Y68436Y6OZPQRXX5B8WQ71XMQ#f6f944ec-4c78-4bf4-ac08-a76b1694acaa#1A3JY5JG871IMGJ,1000,Your Task
8113,33,63,4,4,5,0,0,25,25,0,0,0,0,13,0,34,0,135.44918777234253,0.5509457902733025,1.0518055996126685,0.0667813079119154,0.0667813079119154,0.0834766348898943,0.0,0.0,0.4173831744494716,0.4173831744494716,0.0,0.0,0.0,0.0,0.2170392507137252,0.0,0.5676411172512814,0.0,59.897,0.0,1000,0,0,0,0,1,Reliable,0.0,0.9999857,39XCQ6V3KYGNF2UNX57LOWKQ78D56F#3361fe36-adb3-4792-bbe6-f28be1c98d26#1A26GMBFKHWQT9V,1000,Your Task
2550,19,37,4,4,5,0,0,12,12,0,0,0,0,15,0,89,0,47.175919930438646,0.3515068543836604,0.6845133480102862,0.074001443028139,0.074001443028139,0.0925018037851738,0.0,0.0,0.2220043290844171,0.2220043290844171,0.0,0.0,0.0,0.0,0.2775054113555214,0.0,1.646532107376094,0.0,54.053,0.0,1000,0,0,0,0,1,Reliable,0.0,0.9999858,36KM3FWE3RO7OVMRJ961DFOVLBM07O#243299be-84fb-4065-a766-7ab6799f940d#1A2B0C8B9YUJQ0T,1000,Your Task
2697,7,34,2,2,4,0,0,13,13,0,0,0,0,5,0,105,0,60.67491563554555,0.1574803149606299,0.764904386951631,0.0449943757030371,0.0449943757030371,0.0899887514060742,0.0,0.0,0.2924634420697413,0.2924634420697413,0.0,0.0,0.0,0.0,0.1124859392575927,0.0,2.3622047244094486,0.0,44.45,0.0,1000,0,0,0,0,1,Reliable,0.0,0.99998534,311HQEI8RSS4QGSHN3JTJERH3I57ZN#8089da3b-f300-44f3-9779-d8a24162a40b#1A2T03R6HN6JV5M,1000,Your Task
2776,22,69,9,9,11,0,0,20,20,0,0,0,0,5,0,100,0,63.52984254851703,0.5034785792749908,1.5790919077261076,0.2059685097034053,0.2059685097034053,0.2517392896374954,0.0,0.0,0.4577077993409008,0.4577077993409008,0.0,0.0,0.0,0.0,0.1144269498352252,0.0,2.288538996704504,0.0,43.696,0.0,1000,0,0,0,0,1,Reliable,0.0,0.9999857,3OZ4VAIBEXRG1RO9NFJN1YJU62YVJH#8d3ebfed-0afd-4e72-931c-8cc96676bb97#1A1QC9GAZJ2QAHI,1000,Your Task
2309,12,36,3,3,4,0,0,13,13,0,0,0,0,7,0,100,0,47.203369040804645,0.245318505192575,0.7359555155777251,0.0613296262981437,0.0613296262981437,0.0817728350641916,0.0,0.0,0.2657617139586229,0.2657617139586229,0.0,0.0,0.0,0.0,0.1431024613623354,0.0,2.044320876604792,0.0,48.916,0.0,1000,0,0,0,0,1,Reliable,0.0,0.9999857,3LB1BGHFL28RJOFJ4KKBA3AXMLRYTY#30267db1-ce20-4a71-8a8e-09da8eb0f580#1A3PFDX7TCEVLII,1000,Your Task
1130,0,17,0,0,2,0,0,8,7,0,0,0,0,2,0,72,0,49.40754667482838,0.0,0.7432993747540553,0.0,0.0,0.0874469852651829,0.0,0.0,0.3497879410607319,0.3060644484281404,0.0,0.0,0.0,0.0,0.0874469852651829,0.0,3.148091469546587,0.0,22.871,44.517,1001,0,0,0,0,1,Reliable,0.0,0.99999046,3UEBBGULPF00JADDZZIXQEPJZO9UFP#f33051e6-5e3c-4b66-823c-0ceb90d4e4e2#1A22AM327QRSABB,1001,Your Task
3866,11,39,3,3,5,0,0,14,14,0,0,0,0,6,0,89,0,80.99897337048753,0.2304678497349619,0.817113285423956,0.062854868109535,0.062854868109535,0.1047581135158917,0.0,0.0,0.293322717844497,0.293322717844497,0.0,0.0,0.0,0.0,0.1257097362190701,0.0,1.864694420582874,0.0,47.729000000000006,16.808,1000,0,0,0,0,1,Reliable,0.0,0.99998724,3UAU495MII4UPNQ6Y21ND8YXRP0OU5#8b0b9d4f-b272-465e-86dd-ef31202603c4#1A2KB4QFARMBJCE,1000,Your Task
2074,0,32,0,0,2,0,0,15,15,0,0,0,0,7,0,48,0,78.90732004261147,0.0,1.2174707046111704,0.0,0.0,0.0760919190381981,0.0,0.0,0.5706893927864861,0.5706893927864861,0.0,0.0,0.0,0.0,0.2663217166336935,0.0,1.8262060569167555,0.0,26.284,0.0,1000,0,0,0,0,1,Reliable,0.0,0.99998724,3SU800BH864XAZ3MDFTR2DTX6QHUQI#ca0d5a72-3602-44d9-b8a9-15bec7dd5d1b#1A3NVL4RD4B6L1U,1000,Your Task
1821,3,25,1,1,3,0,0,10,10,0,0,0,0,8,0,86,0,58.84253724108961,0.0969399295569845,0.8078327463082043,0.0323133098523281,0.0323133098523281,0.0969399295569845,0.0,0.0,0.3231330985232817,0.3231330985232817,0.0,0.0,0.0,0.0,0.2585064788186254,0.0,2.778944647300223,0.0,30.947,0.0,1000,0,0,0,0,1,Reliable,0.0,0.9999862,3WRAAIUSBJBX4NQ0TO7SWKDWWQCXA6#aadf7727-c63b-4ed5-8ab8-f7a5690fd935#1A18Z4R0CJI0134,1000,Your Task
2952,22,34,3,3,4,0,0,12,12,0,0,0,0,15,0,71,0,57.3928258967629,0.4277243122387479,0.6610284825507923,0.058326042578011,0.058326042578011,0.0777680567706814,0.0,0.0,0.2333041703120443,0.2333041703120443,0.0,0.0,0.0,0.0,0.2916302128900554,0.0,1.3803830076795955,0.0,51.435,0.0,1000,0,0,0,0,1,Reliable,0.0,0.9999865,36818Z1KV3PLOPJM9Z04P4OSPVC3AD#38f58973-d9bc-43a7-9b2e-b7cc6456634b#1A1M5EI5AYF23AX,1000,Your Task
1403,0,20,0,0,2,0,0,9,9,0,0,0,0,2,0,45,0,81.29092067906599,0.0,1.1588156903644475,0.0,0.0,0.1158815690364447,0.0,0.0,0.5214670606640014,0.5214670606640014,0.0,0.0,0.0,0.0,0.1158815690364447,0.0,2.607335303320007,0.0,17.259,11.923,1001,0,0,0,0,1,Reliable,0.0,0.9999889,3P458N04Q1T8ZKVWG9EDQ2UYK2L2X5#ab3893fd-f7bd-40c8-a57b-0b53348f3847#1A28OYCLRGGCZ9V,1001,Your Task
2548,8,38,3,3,5,0,1,13,13,0,0,0,0,5,0,104,0,60.53119209388511,0.1900508385993253,0.9027414833467952,0.071269064474747,0.071269064474747,0.1187817741245783,0.0,0.0237563548249156,0.3088326127239036,0.3088326127239036,0.0,0.0,0.0,0.0,0.1187817741245783,0.0,2.470660901791229,0.0,42.094,0.0,1000,0,0,0,0,1,Reliable,0.0,0.9999856,33K3E8REWW7JLZXLWQNE0T7162CX82#5c8bcf41-d5a8-486f-aaef-7485c2b51d5e#1A1AI4O1K9MGYQZ,1000,Your Task
4710,12,40,4,4,6,0,0,13,13,0,0,0,0,5,0,96,0,59.787506822884275,0.1523248581474758,0.5077495271582528,0.0507749527158252,0.0507749527158252,0.0761624290737379,0.0,0.0,0.1650185963264321,0.1650185963264321,0.0,0.0,0.0,0.0,0.0634686908947816,0.0,1.2185988651798068,0.0,78.779,0.0,1000,0,0,0,0,1,Reliable,0.0,0.9999856,39WSF6KUV2XD0RTK82MI9QCU516OEO#6ada8469-3b6f-496a-8015-0d39b4035091#1A18OEHQGXS2ZW3,1000,Your Task
668,11,18,2,2,4,0,0,5,5,0,0,0,0,2,0,34,0,22.803304430941488,0.3755035160783778,0.6144602990373456,0.068273366559705,0.068273366559705,0.1365467331194101,0.0,0.0,0.1706834163992626,0.1706834163992626,0.0,0.0,0.0,0.0,0.068273366559705,0.0,1.160647231514986,0.0,29.294,0.0,1000,0,0,0,0,1,Reliable,0.0,0.99998903,3XUY87HIVPQNCC0LCKVOUUSYJ3HMMV#b1fe6391-ae1f-4df0-8554-decbcc82f827#1AFMQMUHGILRT6,1000,Your Task
2640,15,32,2,2,4,0,0,12,12,0,0,0,0,12,1,90,0,65.13372150399685,0.3700779630908912,0.7894996545939011,0.0493437284121188,0.0493437284121188,0.0986874568242376,0.0,0.0,0.2960623704727129,0.2960623704727129,0.0,0.0,0.0,0.0,0.2960623704727129,0.0246718642060594,2.220467778545347,0.0,40.532,0.0,1000,0,0,0,0,1,Reliable,0.0,0.99998736,3RTFSSG7T8IZB6CEGA0W3FF0H06LWK#917db182-1d2f-431c-819f-7fb94d8774a0#1A2166WLEOF0855,1000,Your Task
1410,15,27,2,2,3,0,0,10,10,0,0,0,0,5,0,79,0,32.37657864523536,0.3444316877152698,0.6199770378874857,0.0459242250287026,0.0459242250287026,0.0688863375430539,0.0,0.0,0.2296211251435132,0.2296211251435132,0.0,0.0,0.0,0.0,0.1148105625717566,0.0,1.8140068886337544,0.0,43.55,0.0,1000,0,0,0,0,1,Reliable,0.0,0.999987,3FK4G712NXCT82QVGENWICQA3HHSSP#4dd8811d-42f4-4ba0-a047-3288ddca42d3#1AO13JPF5AAHOC,1000,Your Task
2820,8,39,3,3,5,0,0,14,14,0,0,0,0,7,0,104,0,65.11799750611925,0.184731907818778,0.9005680506165428,0.0692744654320417,0.0692744654320417,0.1154574423867362,0.0,0.0,0.3232808386828615,0.3232808386828615,0.0,0.0,0.0,0.0,0.1616404193414307,0.0,2.401514801644114,0.0,43.306,0.0,1000,0,0,0,0,1,Reliable,0.0,0.9999852,3S829FDFT2DV2UTCDYYUMLL2HTADXP#6e2caaa7-6062-4116-87bf-345e86b09bda#1A2BSJCTR2II0BN,1000,Your Task
1681,2,22,0,0,2,0,0,10,10,0,0,0,0,5,0,65,0,72.08095707731229,0.0857596157969212,0.9433557737661334,0.0,0.0,0.0857596157969212,0.0,0.0,0.4287980789846061,0.4287980789846061,0.0,0.0,0.0,0.0,0.214399039492303,0.0,2.78718751339994,0.0,23.321,0.0,1000,0,0,0,0,1,Reliable,0.0,0.9999871,3UQ1LLR26AK24T9BF544LQI9PH2LA8#0fa1380a-defe-4da4-a64f-06540563bf9f#1ASPXGXL42CT6F,1000,Your Task
2020,11,34,3,3,4,0,0,12,12,0,0,0,0,11,0,77,0,56.19853104829735,0.3060316047184509,0.9459158691297572,0.0834631649232138,0.0834631649232138,0.1112842198976185,0.0,0.0,0.3338526596928555,0.3338526596928555,0.0,0.0,0.0,0.0,0.3060316047184509,0.0,2.142221233029156,0.0,35.944,0.0,1000,0,0,0,0,1,Reliable,0.0,0.9999865,304QEQWKZPWE91EQ0VN3O1AQB0VO01#88cd24ac-f325-48fe-b0b8-cce97d18211a#1A335JFBVTTS2R0,1000,Your Task
464,9,27,4,4,5,0,0,7,7,0,0,0,0,6,0,32,0,32.531725443455095,0.6310032952394307,1.893009885718292,0.2804459089953025,0.2804459089953025,0.3505573862441282,0.0,0.0,0.4907803407417794,0.4907803407417794,0.0,0.0,0.0,0.0,0.4206688634929538,0.0,2.24356727196242,0.0,14.263,0.0,1001,0,0,0,0,1,Reliable,0.0,0.9999889,3I6NF2WGIG8PCVJT9IG70NXF1MG5GH#3c377cc0-1a62-4000-90e1-fe4df526898c#1A18TLEZ54EP5JO,1001,Your Task
2861,14,35,3,3,5,0,0,12,12,0,0,0,0,5,0,88,0,76.42784634289684,0.3739915584762515,0.9349788961906288,0.080141048244911,0.080141048244911,0.1335684137415184,0.0,0.0,0.3205641929796441,0.3205641929796441,0.0,0.0,0.0,0.0,0.1335684137415184,0.0,2.350804081850724,0.0,37.434,10.786,1000,0,0,0,0,1,Reliable,0.0,0.9999871,3J94SKDEKI1M0B927SFZU2UIOU05D7#ca625b13-5dfa-4cc1-b677-2e2763f3fdb4#1A1R1A7KXWQ5W8N,1000,Your Task
5467,18,34,3,3,4,0,0,12,12,0,0,0,0,8,0,115,0,57.41320283127849,0.1890319463989414,0.3570603431980005,0.0315053243998235,0.0315053243998235,0.0420070991997647,0.0,0.0,0.1260212975992942,0.1260212975992942,0.0,0.0,0.0,0.0,0.0840141983995295,0.0,1.2077041019932369,0.0,95.222,0.0,1000,0,0,0,0,1,Reliable,0.0,0.9999857,3Z8UJEJOCZP7J69HHTM4T9D8JDU39Y#633697ce-8fc7-4107-a165-7ba4f852621f#1A2OOF4OKLIZ1OK,1000,Your Task
1215,5,22,0,0,2,0,0,10,10,0,0,0,0,5,0,43,0,52.44981653356357,0.2158428663932657,0.9497086121303692,0.0,0.0,0.0863371465573062,0.0,0.0,0.4316857327865314,0.4316857327865314,0.0,0.0,0.0,0.0,0.2158428663932657,0.0,1.856248650982085,0.0,23.165,0.0,1000,0,0,0,0,1,Reliable,0.0,0.9999881,3QD8LUVX4XA0YHEJYSGBO9XA4CBX50#f71fd1c4-c3ff-4f33-8243-2484e6c59621#1A11SFDGIWJCHKY,1000,Your Task
2025,8,34,2,2,4,0,0,13,13,0,0,0,0,9,0,118,0,61.6626065773447,0.2436053593179049,1.0353227771010962,0.0609013398294762,0.0609013398294762,0.1218026796589524,0.0,0.0,0.3958587088915956,0.3958587088915956,0.0,0.0,0.0,0.0,0.2740560292326431,0.0,3.5931790499390983,0.0,32.84,0.0,1000,0,0,0,0,1,Reliable,0.0,0.9999846,3VZYA8PITOAS1R88VGR4FVAZU5R059#aeba9b22-9929-4cf0-a6c7-35f87c76c22e#1A16I2TBI8ZZ689,1000,Your Task
3114,8,34,3,3,4,0,0,12,12,0,0,0,0,5,0,109,0,80.18539976825029,0.2059997425003218,0.8754989056263679,0.0772499034376207,0.0772499034376207,0.1029998712501609,0.0,0.0,0.3089996137504828,0.3089996137504828,0.0,0.0,0.0,0.0,0.1287498390627011,0.0,2.8067464915668854,0.0,38.835,0.0,1000,0,0,0,0,1,Reliable,0.0,0.9999852,3TX9T2ZCB9DJGVTIVBR5BUQYW9EWZE#a22271ed-3377-4139-aae9-20bfb8dbe076#1A3K0QF3MJ751B8,1000,Your Task
5160,14,40,3,3,6,0,0,14,14,0,0,0,0,5,0,119,0,77.69095261755274,0.2107894063266934,0.6022554466476956,0.0451691584985771,0.0451691584985771,0.0903383169971543,0.0,0.0,0.2107894063266934,0.2107894063266934,0.0,0.0,0.0,0.0,0.0752819308309619,0.0,1.7917099537768943,0.0,66.417,21.79,1000,0,0,0,0,1,Reliable,0.0,0.99998605,3WRAAIUSBJBX4NQ0TO7SWKDWWQDAXK#8a30d6a5-a01f-4e73-9b1d-88c787ce348a#1A28QUR0QYD2WI7,1000,Your Task
437,0,11,0,0,2,0,0,5,4,0,0,0,0,2,0,37,0,48.33536113261809,0.0,1.2166795708439335,0.0,0.0,0.2212144674261697,0.0,0.0,0.5530361685654244,0.4424289348523395,0.0,0.0,0.0,0.0,0.2212144674261697,0.0,4.09246764738414,0.0,9.040999999999997,94.736,1001,0,0,0,0,1,Reliable,0.0,0.9999937,3X55NP42EOSSBTPOYII1FZDNOHCP3F#d08ed689-e791-435f-b2fa-14676bf768ce#1A3Q2E37P273AMH,1001,Your Task
2424,30,45,5,5,7,0,0,14,14,0,0,0,0,15,0,46,0,42.50767207365191,0.526085050416484,0.789127575624726,0.0876808417360806,0.0876808417360806,0.1227531784305129,0.0,0.0,0.2455063568610258,0.2455063568610258,0.0,0.0,0.0,0.0,0.263042525208242,0.0,0.8066637439719422,0.0,57.025,0.0,1000,0,0,0,0,1,Reliable,0.0,0.9999876,3ZZAYRN1I63FPABHYXBD8CCV8BTOTE#525133ad-5110-41cc-807b-b72d0367ee50#1A2VKQVZXQNQKH9,1000,Your Task
416,0,9,0,0,2,0,0,4,3,0,0,0,0,0,0,36,0,40.0423524882087,0.0,0.866300895177592,0.0,0.0,0.1925113100394649,0.0,0.0,0.3850226200789298,0.2887669650591973,0.0,0.0,0.0,0.0,0.0,0.0,3.465203580710368,0.0,10.388999999999996,60.259,1001,0,0,0,0,1,Reliable,0.0,0.9999925,3DGDV62G7OL3QBT5UI4WWP8VI3CP24#8c616358-7457-49c2-a0d3-ac431377220a#1A28OYCLRGGCZ9V,1001,Your Task
1220,9,34,3,3,4,0,0,12,12,0,0,0,0,5,0,36,0,41.428959521869054,0.3056234718826406,1.154577560445531,0.1018744906275468,0.1018744906275468,0.1358326541700625,0.0,0.0,0.4074979625101874,0.4074979625101874,0.0,0.0,0.0,0.0,0.1697908177125781,0.0,1.2224938875305624,0.0,29.448,0.0,1000,0,0,0,0,1,Reliable,0.0,0.99998844,3RQVKZ7ZRKVEK5P5YWAFW3HAI9627A#0bb63a7e-fef1-4c52-8444-7c4d161c0461#1A2THBT4PXJ52SI,1000,Your Task
2872,9,67,4,4,6,0,0,27,26,0,0,0,0,12,0,33,0,134.23069732660306,0.4206393718452046,3.1314264348476346,0.186950831931202,0.186950831931202,0.2804262478968031,0.0,0.0,1.2619181155356138,1.2151804075528134,0.0,0.0,0.0,0.0,0.5608524957936062,0.0,1.542344363432417,0.0,21.396000000000004,30.423,1000,0,0,0,0,1,Reliable,0.0,0.9999895,337F8MIIMZPA5848HB8UA34LU9W044#1b5e84fc-74b9-4832-ab11-d10497ea4a17#1A2QR2HEZRBAMB8,1000,Your Task
4064,4,39,2,2,5,0,0,15,15,0,0,0,0,5,0,80,0,125.87499225670568,0.1238927089140804,1.207953911912284,0.0619463544570402,0.0619463544570402,0.1548658861426005,0.0,0.0,0.4645976584278015,0.4645976584278015,0.0,0.0,0.0,0.0,0.1548658861426005,0.0,2.477854178281608,0.0,32.286,26.345,1000,0,0,0,0,1,Reliable,0.0,0.9999881,37SDSEDIN9EBVYCSPX275K301NY81M#f21c451c-7772-473d-9b16-d46dc85a2eea#1A3NVL4RD4B6L1U,1000,Your Task
1375,1,22,0,0,2,0,0,10,10,0,0,0,0,5,0,81,0,56.90283065717596,0.0413838768415825,0.9104452905148154,0.0,0.0,0.082767753683165,0.0,0.0,0.4138387684158252,0.4138387684158252,0.0,0.0,0.0,0.0,0.2069193842079126,0.0,3.352094024168184,0.0,24.164,0.0,1000,0,0,0,0,1,Reliable,0.0,0.9999865,3QREJ3J43398G6IXRWHTF4L5UTXLKO#1a447994-2d43-434a-a829-f6384d264c15#1ASPXGXL42CT6F,1000,Your Task
661,7,25,3,3,5,0,0,7,7,0,0,0,0,5,0,16,0,61.51126000372231,0.6514051740182393,2.3264470500651404,0.2791736460078168,0.2791736460078168,0.4652894100130281,0.0,0.0,0.6514051740182393,0.6514051740182393,0.0,0.0,0.0,0.0,0.4652894100130281,0.0,1.48892611204169,0.0,10.746,10.074,1000,0,0,0,0,1,Reliable,0.0,0.99999,3TL87MO8CM1X0KQJQLQWZRT0MXFLFL#2b119b47-5533-4c44-8162-4eeff1de4f3e#1A2FLIJ9UW1V2BD,1000,Your Task
1269,2,22,0,0,2,0,0,10,10,0,0,0,0,5,0,79,0,56.857386083605896,0.08960974954075,0.9857072449482503,0.0,0.0,0.08960974954075,0.0,0.0,0.4480487477037502,0.4480487477037502,0.0,0.0,0.0,0.0,0.2240243738518751,0.0,3.5395851068596267,0.0,22.319,0.0,1000,0,0,0,0,1,Reliable,0.0,0.99998665,3DGDV62G7OL3QBT5UI4WWP8VI3C2PH#8a21f292-ebfc-4c1a-9d1a-446bba1d5f5b#1A1IVKOO5G7N5TN,1000,Your Task
2595,9,56,3,3,4,0,0,23,23,0,0,0,0,13,0,35,0,96.532996056841,0.3347965181162116,2.083178334945317,0.1115988393720705,0.1115988393720705,0.148798452496094,0.0,0.0,0.8555911018525407,0.8555911018525407,0.0,0.0,0.0,0.0,0.4835949706123056,0.0,1.3019864593408228,0.0,26.882,0.0,1000,0,0,0,0,1,Reliable,0.0,0.99998736,3JMNNNO3B1GTAKQ664IROJGRB0F2WC#6e1b71cf-9b0f-45de-8ff8-b8b846ed9e0d#1AYBFTTB8O99G4,1000,Your Task
2019,10,42,4,4,6,0,0,14,14,0,0,0,0,5,0,69,0,59.50486295313882,0.2947244326554671,1.237842617152962,0.1178897730621868,0.1178897730621868,0.1768346595932803,0.0,0.0,0.412614205717654,0.412614205717654,0.0,0.0,0.0,0.0,0.1473622163277335,0.0,2.033598585322723,0.0,33.93,0.0,1000,0,0,0,0,1,Reliable,0.0,0.999987,3CKVGCS3PGHT7T6J7C4C86KR8PYS02#af59a128-17ea-4487-87a1-b607607335e8#1A2T03R6HN6JV5M,1000,Your Task
7673,13,52,5,5,8,0,0,17,17,0,0,0,0,9,0,117,0,76.2625108087424,0.129207955234413,0.5168318209376522,0.0496953673978511,0.0496953673978511,0.0795125878365618,0.0,0.0,0.1689642491526939,0.1689642491526939,0.0,0.0,0.0,0.0,0.0894516613161321,0.0,1.1628715971097174,0.0,100.613,0.0,1000,0,0,0,0,1,Reliable,0.0,0.9999857,3GS542CVJVZAXLWLVCAX86BSX9L59Q#9e296df0-dfe3-483f-92a7-c069295094ea#1A1TU91GGHEXCY3,1000,Your Task
8420,2,22,0,0,2,0,0,10,10,0,0,0,0,5,0,76,0,343.0993032068781,0.0814962715455767,0.8964589870013443,0.0,0.0,0.0814962715455767,0.0,0.0,0.4074813577278837,0.4074813577278837,0.0,0.0,0.0,0.0,0.2037406788639418,0.0,3.0968583187319165,0.0,24.54100000000001,78.448,1000,0,0,0,0,1,Reliable,0.0,0.9999871,33IXYHIZB5UZTK4FL4OL2D9R4WA2EW#0d60e553-1833-4ebe-aa4c-845f7a4f6ac3#1A11KI91AK0BWHM,1000,Your Task
2304,3,24,0,0,2,0,0,11,11,0,0,0,0,9,0,91,0,60.443884778844634,0.0787029749724539,0.6296237997796317,0.0,0.0,0.0524686499816359,0.0,0.0,0.2885775748989978,0.2885775748989978,0.0,0.0,0.0,0.0,0.2361089249173618,0.0,2.3873235741644367,0.0,38.118,0.0,1000,0,0,0,0,1,Reliable,0.0,0.9999857,3VMHWJRYHVSS0E7844TKALONT6PXFJ#14f0029e-cf62-44e6-8a95-709b9737ab07#1AJTY51D931E2P,1000,Your Task
2086,16,27,2,2,3,0,0,10,10,0,0,0,0,6,0,86,0,49.2678318375059,0.3778932451582427,0.6376948512045346,0.0472366556447803,0.0472366556447803,0.0708549834671705,0.0,0.0,0.2361832782239017,0.2361832782239017,0.0,0.0,0.0,0.0,0.141709966934341,0.0,2.031176192725555,0.0,42.34,0.0,1000,0,0,0,0,1,Reliable,0.0,0.9999865,3UQVX1UPFST02UPLDXP6HO7NAV0028#e85395ba-2772-484f-ab47-af792e155980#1AN11DOPANTTJ,1000,Your Task
1712,7,32,2,2,4,0,0,12,12,0,0,0,0,8,0,92,0,59.720235811211495,0.2441832071720096,1.1162660899291867,0.0697666306205741,0.0697666306205741,0.1395332612411483,0.0,0.0,0.418599783723445,0.418599783723445,0.0,0.0,0.0,0.0,0.2790665224822967,0.0,3.2092650085464123,0.0,28.667,0.0,1000,0,0,0,0,1,Reliable,0.0,0.99998593,3TC2K6WK9GEIKJUO812LA3D5TTC823#5fac1e34-5d0e-4336-8cb8-399839731396#1A3GBENY46RC2KC,1000,Your Task
221,4,48,1,1,3,0,0,21,22,0,0,0,0,7,0,104,0,4.889488705502334,0.0884975331312639,1.0619703975751675,0.0221243832828159,0.0221243832828159,0.0663731498484479,0.0,0.0,0.4646120489391358,0.4867364322219518,0.0,0.0,0.0,0.0,0.1548706829797119,0.0,2.300935861412863,0.0,45.199,0.0,1468,0,0,1,0,0,Reliable,0.0,0.99999416,3Z33IC0JC0YRVFB013SAC45RAXM9V0#22f9676b-75b6-4220-a588-ce0d7f65a219#1AS5OG2PNDHRVQ,1468,Dates -  3/3
1911,2,22,0,0,2,0,0,10,10,0,0,0,0,5,0,96,0,43.08712121212122,0.045093795093795,0.496031746031746,0.0,0.0,0.045093795093795,0.0,0.0,0.2254689754689754,0.2254689754689754,0.0,0.0,0.0,0.0,0.1127344877344877,0.0,2.1645021645021645,0.0,44.352,0.0,1000,0,0,0,0,1,Reliable,0.0,0.9999858,3EFNPKWBMS0PNCL4HX3B0YCFG9003J#a23a380a-475c-4d10-9a96-b7f0c16681c0#1A2XCIBSVHSLIKA,1000,Your Task
4964,15,34,3,3,4,0,0,12,12,0,0,0,0,7,0,98,0,120.80504246672018,0.36504344016938,0.8274317977172615,0.073008688033876,0.073008688033876,0.0973449173785013,0.0,0.0,0.292034752135504,0.292034752135504,0.0,0.0,0.0,0.0,0.1703536054123773,0.0,2.3849504757732833,0.0,41.09100000000001,23.583,1000,0,0,0,0,1,Reliable,0.0,0.9999869,3BKZLF990ZBER8NRNGQG5YZA2ESQYC#e7465d5b-ea8e-4f35-a478-1143a257aa9d#1AJTY51D931E2P,1000,Your Task
2789,10,34,3,3,4,0,0,12,12,0,0,0,0,5,0,76,0,47.08603457590492,0.168827660723933,0.5740140464613722,0.0506482982171799,0.0506482982171799,0.0675310642895732,0.0,0.0,0.2025931928687196,0.2025931928687196,0.0,0.0,0.0,0.0,0.0844138303619665,0.0,1.283090221501891,0.0,59.232,0.0,1000,0,0,0,0,1,Reliable,0.0,0.99998677,3HFWPF5AK9VPOL5GQZMVA4IYB1IS3X#444c978f-b47e-475c-bd7e-f0d5630d6ff4#1A152IULC6YWZHD,1000,Your Task
2461,1,22,0,0,2,0,0,10,10,0,0,0,0,5,0,88,0,62.44607967520934,0.0253742704897234,0.5582339507739152,0.0,0.0,0.0507485409794468,0.0,0.0,0.2537427048972342,0.2537427048972342,0.0,0.0,0.0,0.0,0.1268713524486171,0.0,2.232935803095661,0.0,39.41,0.0,1000,0,0,0,0,1,Reliable,0.0,0.99998605,3TCFMTM8HE009JA39GT6VTQXFN612C#cf796bba-2a1f-41a8-acf6-9c8a329dd4f6#1A1IVKOO5G7N5TN,1000,Your Task
1407,0,22,0,0,2,0,0,10,10,0,0,0,0,5,0,86,0,58.870292887029294,0.0,0.9205020920502092,0.0,0.0,0.0836820083682008,0.0,0.0,0.4184100418410042,0.4184100418410042,0.0,0.0,0.0,0.0,0.2092050209205021,0.0,3.5983263598326363,0.0,23.9,0.0,1000,0,0,0,0,1,Reliable,0.0,0.9999863,324N5FAHSXNBCBUR50JZ2DJ7LRYVKG#81c8ad53-85cc-469c-bf16-3216813f81e5#1A1OHRPQV7ZQRW9,1000,Your Task
2414,18,40,3,3,6,0,0,14,14,0,0,0,0,11,0,72,0,56.733254994124565,0.4230317273795534,0.9400705052878968,0.0705052878965922,0.0705052878965922,0.1410105757931845,0.0,0.0,0.3290246768507638,0.3290246768507638,0.0,0.0,0.0,0.0,0.2585193889541716,0.0,1.692126909518214,0.0,42.55,0.0,1000,0,0,0,0,1,Reliable,0.0,0.9999864,33IXYHIZB5UZTK4FL4OL2D9R4WAE28#70c166e4-f29f-4ca3-831f-24f688ecfea3#1A2OPZ9V4LHZP39,1000,Your Task
3820,25,78,6,6,8,0,0,29,29,0,0,0,0,12,0,55,0,61.56523981433728,0.4029138731304796,1.2570912841670965,0.0966993295513151,0.0966993295513151,0.1289324394017534,0.0,0.0,0.4673800928313563,0.4673800928313563,0.0,0.0,0.0,0.0,0.1933986591026302,0.0,0.8864105208870552,0.0,62.048,17.361,1000,0,0,0,0,1,Reliable,0.0,0.99998784,3G3AJKPCXL47230TPJJ32VY56MAY42#d2436cf5-111d-4323-ba26-54a8b898c2ed#1AXOHA50K9HBCK,1000,Your Task
1948,11,37,2,2,4,0,0,15,14,0,0,0,0,10,0,83,0,55.999540044845624,0.3162191686310585,1.0636462944862874,0.057494394296556,0.057494394296556,0.1149887885931121,0.0,0.0,0.4312079572241706,0.4024607600758926,0.0,0.0,0.0,0.0,0.2874719714827804,0.0,2.3860173633070776,0.0,34.786,0.0,1000,0,0,0,0,1,Reliable,0.0,0.9999862,3WRBLBQ2GRKQHOXSCCAVJS1OKE50GR#ae3f9eb2-0012-4025-95b6-8c742b126652#1A2QR2HEZRBAMB8,1000,Your Task
1926,28,45,5,5,7,0,0,14,14,0,0,0,0,8,0,88,0,35.347232418147115,0.513874614594039,0.8258699163118485,0.0917633240346498,0.0917633240346498,0.1284686536485097,0.0,0.0,0.2569373072970195,0.2569373072970195,0.0,0.0,0.0,0.0,0.1468213184554397,0.0,1.615034503009837,0.0,54.488,0.0,1000,0,0,0,0,1,Reliable,0.0,0.9999864,3G57RS03HHHZX1BMA3VIYJ3ER3B52Y#4a92fb12-2035-4709-a51f-8109da1c9e35#1A2KPFS3KGBSLOM,1000,Your Task
3617,20,51,5,5,7,0,0,17,17,0,0,0,0,8,0,113,0,65.10196367825195,0.3599776813837542,0.9179430875285732,0.0899944203459385,0.0899944203459385,0.1259921884843139,0.0,0.0,0.3059810291761911,0.3059810291761911,0.0,0.0,0.0,0.0,0.1439910725535017,0.0,2.0338738998182113,0.0,55.559,0.0,1000,0,0,0,0,1,Reliable,0.0,0.99998474,3SMIWMMK61H2UWZ8POSXU2BJURYWUO#2632c2dc-d62c-47ed-9c76-7baead31b2d9#1A3SC8T3SLBLJHL,1000,Your Task
5049,14,36,3,3,4,0,0,13,13,0,0,0,0,8,0,73,0,78.40427349100112,0.2174014317437147,0.5590322530552665,0.0465860210879388,0.0465860210879388,0.0621146947839185,0.0,0.0,0.2018727580477351,0.2018727580477351,0.0,0.0,0.0,0.0,0.124229389567837,0.0,1.1335931798065126,0.0,64.397,0.0,1001,0,0,0,0,1,Reliable,0.0,0.9999862,3D42WVSDH87H0JXI90FMTZVWVCJYFQ#778f7a59-7317-480b-ac1e-1f1a81254fd9#1A6DFZKR0TAJOF,1001,Your Task
9457,44,57,7,7,9,0,0,17,17,0,0,0,0,12,2,102,0,85.28040543587062,0.3967788769354242,0.5140089996663451,0.0631239122397265,0.0631239122397265,0.0811593157367913,0.0,0.0,0.1533009297250502,0.1533009297250502,0.0,0.0,0.0,0.0,0.1082124209823884,0.0180354034970647,0.9198055783503016,0.0,110.893,17.037,1000,0,0,0,0,1,Reliable,0.0,0.99998665,3FULMHZ7OU978MBF6GVS80BYXCXM41#6a2e2dab-a2b6-4875-aee3-eace90757eb1#1A2NDR02PKM9OGP,1000,Your Task
5464,9,32,2,2,4,0,0,12,12,0,0,0,0,11,0,86,0,155.3773531251777,0.2559290223511346,0.9099698572484788,0.0568731160780299,0.0568731160780299,0.1137462321560598,0.0,0.0,0.3412386964681795,0.3412386964681795,0.0,0.0,0.0,0.0,0.3128021384291645,0.0,2.4455439913552866,0.0,35.166,47.081,1000,0,0,0,0,1,Reliable,0.0,0.9999877,3MGHRFQY2L1Q3FIS6IW1QS8SPAV0YP#4af3ff3f-6119-4af3-ba55-2e274b047064#1A3NXQG3IBWMWKR,1000,Your Task
1474,11,40,3,3,6,0,0,14,14,0,0,0,0,6,0,36,0,53.29380287800998,0.3977149468508207,1.4462361703666209,0.1084677127774965,0.1084677127774965,0.2169354255549931,0.0,0.0,0.5061826596283173,0.5061826596283173,0.0,0.0,0.0,0.0,0.2169354255549931,0.0,1.3016125533299587,0.0,27.658,0.0,1000,0,0,0,0,1,Reliable,0.0,0.9999882,36U4VBVNQOPXM0IMQUIR73322CJURJ#06e4df27-0d8d-46fe-9b8d-1f9516cf7a25#1A2KQBRD41GMAKL,1000,Your Task
2534,35,107,11,11,13,0,0,36,36,0,0,0,0,17,0,123,0,35.78438987191618,0.4942595286176268,1.5110219874881734,0.1553387089941112,0.1553387089941112,0.1835821106294042,0.0,0.0,0.5083812294352733,0.5083812294352733,0.0,0.0,0.0,0.0,0.2400689138999901,0.0,1.736969200570517,0.0,70.81299999999999,12.388,1000,0,0,0,0,1,Reliable,0.0,0.9999846,3IV1AEQ4DRPIQFSWFM8D9KZMV4Y8JQ#2c39629c-dffe-49f3-b3c1-12a12f9c170c#1AWSMH7IKFJC4L,1000,Your Task
2823,12,28,2,2,4,0,0,10,10,0,0,0,0,8,0,44,0,122.33489339573586,0.5200208008320334,1.213381868608078,0.0866701334720055,0.0866701334720055,0.1733402669440111,0.0,0.0,0.4333506673600278,0.4333506673600278,0.0,0.0,0.0,0.0,0.3466805338880223,0.0,1.9067429363841224,0.0,23.075999999999993,44.822,1000,0,0,0,0,1,Reliable,0.0,0.9999907,3FJ2RVH25ZIIYODYDT8ZAZ8GDZU29M#09eeb410-a8c2-44af-a7e7-cab5e430424c#1A2DBZMYK9TONFA,1000,Your Task
4509,17,41,3,3,5,0,0,15,15,0,0,0,0,13,0,79,0,113.73726162849356,0.4288164665523155,1.0342044193320552,0.0756734940974674,0.0756734940974674,0.1261224901624457,0.0,0.0,0.3783674704873372,0.3783674704873372,0.0,0.0,0.0,0.0,0.3279184744223589,0.0,1.992735344566643,0.0,39.644000000000005,18.987,1000,0,0,0,0,1,Reliable,0.0,0.99998724,36U4VBVNQOPXM0IMQUIR73322CJRUG#5a34f05c-fef3-4608-8d11-93d51773e449#1A2BSJCTR2II0BN,1000,Your Task
1771,3,31,1,1,3,0,0,13,13,0,0,0,0,5,0,77,0,71.74688057040999,0.1215362177929023,1.2558742505266571,0.0405120725976341,0.0405120725976341,0.1215362177929023,0.0,0.0,0.5266569437692433,0.5266569437692433,0.0,0.0,0.0,0.0,0.2025603629881704,0.0,3.1194295900178255,0.0,24.683999999999997,18.14,1000,0,0,0,0,1,Reliable,0.0,0.99998796,3XWUWJ18TL2P2SA3UODWCEQM9BNUUN#5d0b889d-49b8-4fd2-b7d1-d311fb6a9c6f#1A30CE8LX80YEO,1000,Your Task
2989,0,24,0,0,2,0,0,11,11,0,0,0,0,5,0,52,0,125.40381791483117,0.0,1.0069225928256769,0.0,0.0,0.0839102160688064,0.0,0.0,0.4615061883784352,0.4615061883784352,0.0,0.0,0.0,0.0,0.209775540172016,0.0,2.1816656177889664,0.0,23.834999999999994,34.642,1000,0,0,0,0,1,Reliable,0.0,0.99998975,3TC2K6WK9GEIKJUO812LA3D5TTC28X#cc635481-2df6-4712-9567-d55a857e96b5#1AIICBIYZKWO65,1000,Your Task
3467,9,39,3,3,5,0,0,14,14,0,0,0,0,6,2,79,0,99.4435520881138,0.2581459385039008,1.1186324001835704,0.0860486461679669,0.0860486461679669,0.1434144102799449,0.0,0.0,0.4015603487838458,0.4015603487838458,0.0,0.0,0.0,0.0,0.1720972923359339,0.0573657641119779,2.2659476824231297,0.0,34.864000000000004,23.999,1000,0,0,0,0,1,Reliable,0.0,0.99999046,3TLFH2L6Y901I3MCBZDG1Z9S76WT2C#323dda9c-1a73-40ec-a2c4-86eacfa9a9a3#1A105YRJ9M16N2P,1000,Your Task
3366,17,68,4,4,6,0,0,27,27,0,0,0,0,11,0,30,0,100.37873139892046,0.5069632898935377,2.0278531595741507,0.11928547997495,0.11928547997495,0.178928219962425,0.0,0.0,0.8051769898309128,0.8051769898309128,0.0,0.0,0.0,0.0,0.3280350699311126,0.0,0.8946410998121254,0.0,33.533,0.0,1000,0,0,0,0,1,Reliable,0.0,0.99998736,3ZLW647WAL7WJMOIWK7PJM5UD7K326#fd5ac35e-e35c-4da1-95ad-c8f117453a11#1AJI0OF83WY6QF,1000,Your Task
2018,27,34,5,5,4,0,0,10,10,0,0,0,0,19,0,29,0,41.815167840862,0.5594695399917116,0.7045171985080813,0.1036054703688354,0.1036054703688354,0.0828843762950683,0.0,0.0,0.2072109407376709,0.2072109407376709,0.0,0.0,0.0,0.0,0.3937007874015748,0.0,0.6009117281392458,0.0,48.26,0.0,1000,0,0,0,0,1,Reliable,0.0,0.99998844,3J9UN9O9J3408QNTKIVYG5T4C6M0JV#8391a0dd-1b87-4a3d-b864-014681d307c9#1AJ1N9XLZOCFRC,1000,Your Task
2381,9,54,2,2,4,0,0,23,23,0,0,0,0,11,0,27,0,74.94963485268194,0.2833039536640644,1.6998237219843868,0.0629564341475698,0.0629564341475698,0.1259128682951397,0.0,0.0,0.7239989926970536,0.7239989926970536,0.0,0.0,0.0,0.0,0.3462603878116343,0.0,0.8499118609921934,0.0,31.768,0.0,1000,0,0,0,0,1,Reliable,0.0,0.9999876,386T3MLZLN7BO9RATEY7RFKQWVS08B#039b0fda-4a29-4d3d-a766-d52f70207c5a#1A2GSKJPSLX0W66,1000,Your Task
3527,7,34,3,3,4,0,0,12,12,0,0,0,0,5,0,111,0,93.80319148936168,0.1861702127659574,0.904255319148936,0.0797872340425531,0.0797872340425531,0.1063829787234042,0.0,0.0,0.3191489361702126,0.3191489361702126,0.0,0.0,0.0,0.0,0.1329787234042553,0.0,2.952127659574467,0.0,37.60000000000001,26.648,1000,0,0,0,0,1,Reliable,0.0,0.9999875,36AZSFEYZ4CAJ8QXZN663A0HYXPVBW#277df2ea-213c-43dd-a827-1aa4d9b666d4#1A3FCM5JHF95XCT,1000,Your Task
602,8,28,3,3,4,0,0,9,9,0,0,0,0,3,0,27,0,41.22440594398412,0.547832637129357,1.9174142299527497,0.2054372389235088,0.2054372389235088,0.2739163185646785,0.0,0.0,0.6163117167705267,0.6163117167705267,0.0,0.0,0.0,0.0,0.2054372389235088,0.0,1.84893515031158,0.0,14.603,0.0,1000,0,0,0,0,1,Reliable,0.0,0.99998903,386T3MLZLN7BO9RATEY7RFKQWVS80J#f30cf6d1-d176-4012-a91d-530fefa78f47#1A2M1F5H2WF7U9Y,1000,Your Task
5563,4,24,0,0,2,0,0,11,11,0,0,0,0,5,1,68,0,179.0876605607958,0.1287705630492869,0.7726233782957216,0.0,0.0,0.0643852815246434,0.0,0.0,0.354119048385539,0.354119048385539,0.0,0.0,0.0,0.0,0.1609632038116086,0.0321926407623217,2.1890995718378776,0.0,31.063,18.778,1000,0,0,0,0,1,Reliable,0.0,0.9999889,3IWA71V4TISWHLEX3BQGGFBA07MX6G#a9769fcc-12cc-47d1-b073-33eab90349d0#1A1M9I7L9SSAPJK,1000,Your Task
4491,37,75,9,9,11,0,1,23,22,0,0,0,0,7,0,79,0,55.65331614949935,0.4585109546941607,0.9294140973530284,0.1115296916823634,0.1115296916823634,0.1363140676117775,0.0,0.012392187964707,0.2850203231882621,0.272628135223555,0.0,0.0,0.0,0.0,0.0867453157529493,0.0,0.9789828492118569,0.0,80.69600000000001,72.848,1000,0,0,0,0,1,Reliable,0.0,0.9999902,3W0KKJIARRLD1ZYEX78PAZZZATY8KP#b20a0591-749d-4c28-93bf-37e666fecc0c#1A2XQN67Q8B8IIB,1000,Your Task
4491,37,75,9,9,11,0,1,23,22,0,0,0,0,7,0,79,0,55.65331614949935,0.4585109546941607,0.9294140973530284,0.1115296916823634,0.1115296916823634,0.1363140676117775,0.0,0.012392187964707,0.2850203231882621,0.272628135223555,0.0,0.0,0.0,0.0,0.0867453157529493,0.0,0.9789828492118569,0.0,80.69600000000001,72.848,1000,0,0,0,0,1,Reliable,0.0,0.9999902,3W0KKJIARRLD1ZYEX78PAZZZATY8KP#b20a0591-749d-4c28-93bf-37e666fecc0c#1A2XQN67Q8B8IIB,1000,Your Task
1803,6,54,2,2,4,0,0,23,23,0,0,0,0,10,0,27,0,136.62195953625826,0.4546487838145033,4.09183905433053,0.1515495946048344,0.1515495946048344,0.3030991892096689,0.0,0.0,1.742820337955596,1.742820337955596,0.0,0.0,0.0,0.0,0.7577479730241722,0.0,2.045919527165265,0.0,13.197,16.494,1000,0,0,0,0,1,Reliable,0.0,0.9999889,3SZYX62S5GC6J28SGFCDUAKM2JX57E#c7514dea-1b66-46c1-a36d-3446bffba69e#1AEOT74WAPK0A4,1000,Your Task
7268,14,31,2,2,3,0,0,12,12,0,0,0,0,5,2,79,0,112.5443255547469,0.2167887393734805,0.4800322086127069,0.0309698199104972,0.0309698199104972,0.0464547298657458,0.0,0.0,0.1858189194629833,0.1858189194629833,0.0,0.0,0.0,0.0,0.077424549776243,0.0309698199104972,1.2233078864646405,0.0,64.579,11.113,1000,0,0,0,0,1,Reliable,0.0,0.9999889,3C8QQOM6JPDHABS9RTWH2O6S2P8LID#7120f6b3-2a77-4e8c-a031-712f1d0e9383#1A2NDR02PKM9OGP,1000,Your Task
3400,13,50,5,5,6,0,0,17,17,0,0,0,0,8,0,104,0,51.80084100188921,0.1980620391248705,0.7617770735571943,0.0761777073557194,0.0761777073557194,0.0914132488268633,0.0,0.0,0.259004205009446,0.259004205009446,0.0,0.0,0.0,0.0,0.121884331769151,0.0,1.584496312998964,0.0,65.636,0.0,1000,0,0,0,0,1,Reliable,0.0,0.9999852,301KG0KX9CXBDUVHB5WRNG64WC22HC#29ea83c3-0a9b-4999-9cf7-91b792625218#1A12NURK0GNB1XA,1000,Your Task
1455,12,56,3,3,4,0,0,23,23,0,0,0,0,14,0,38,0,44.36110857038325,0.3658648129516144,1.7073691271075335,0.0914662032379036,0.0914662032379036,0.1219549376505381,0.0,0.0,0.7012408914905942,0.7012408914905942,0.0,0.0,0.0,0.0,0.4268422817768834,0.0,1.1585719076801122,0.0,32.799,0.0,1000,0,0,0,0,1,Reliable,0.0,0.99998736,3HRWUH63QUEVMN0FWMT2Q76C2Y25NP#45a52509-4b49-4cad-841b-7513dcc6e1f2#1AE2I8GMPNHNVH,1000,Your Task
1822,4,32,2,2,4,0,0,12,12,0,0,0,0,8,0,88,0,59.81026162886124,0.1313068312378951,1.0504546499031613,0.0656534156189475,0.0656534156189475,0.1313068312378951,0.0,0.0,0.3939204937136854,0.3939204937136854,0.0,0.0,0.0,0.0,0.2626136624757903,0.0,2.888750287233693,0.0,30.463,0.0,1000,0,0,0,0,1,Reliable,0.0,0.99998605,3OWZNK3RYL1GIG11B43Q6VVUQK42UD#38cdf97c-b853-4f35-87ff-d0d39e82a59d#1A3GBENY46RC2KC,1000,Your Task
6300,23,48,5,5,6,0,0,16,16,0,0,0,0,8,0,74,0,102.38741447400496,0.3737953226828752,0.7800945864686093,0.0812598527571468,0.0812598527571468,0.0975118233085761,0.0,0.0,0.2600315288228697,0.2600315288228697,0.0,0.0,0.0,0.0,0.1300157644114348,0.0,1.2026458208057726,0.0,61.531000000000006,29.63,1000,0,0,0,0,1,Reliable,0.0,0.99998665,3JUDR1D0D63OQNUKUVJLWUY5NZY2Q8#2fdddc60-343e-44b7-812d-05ec313e1fa5#1A1BAT5O7WVAFPW,1000,Your Task
4524,0,23,0,0,2,0,0,11,10,0,0,0,0,5,0,109,0,151.77642835575534,0.0,0.7716308249739994,0.0,0.0,0.0670983326064347,0.0,0.0,0.369040829335391,0.3354916630321736,0.0,0.0,0.0,0.0,0.1677458315160868,0.0,3.656859127050693,0.0,29.807,66.187,1000,0,0,0,0,1,Reliable,0.0,0.9999889,341H3G5YF0QQ85SX24YK4ZHUV4Z0ZG#4d804aad-4635-425f-bf05-f39daaa9a210#1A34HAWRROCBPY2,1000,Your Task
46,12,17,3,3,5,0,0,3,3,0,0,0,0,4,0,22,0,2.7624309392265194,0.7206341580590919,1.0208983905837137,0.1801585395147729,0.1801585395147729,0.3002642325246216,0.0,0.0,0.1801585395147729,0.1801585395147729,0.0,0.0,0.0,0.0,0.2402113860196973,0.0,1.321162623108335,0.0,16.652,0.0,1000,0,0,0,0,1,Reliable,0.0,0.9999895,3XH7ZM9YX26Z28UJSJN0B7GOPRAR9Q#c752bc66-c6fe-4d82-9856-1c6e52028fae#1A16PMPSHG2IUZD,1000,Your Task
3653,18,46,5,5,7,0,1,14,14,0,0,0,0,9,0,116,0,60.154461771534905,0.2964085168047162,0.7574884318342747,0.0823356991124211,0.0823356991124211,0.1152699787573896,0.0,0.0164671398224842,0.2305399575147792,0.2305399575147792,0.0,0.0,0.0,0.0,0.1482042584023581,0.0,1.9101882194081712,0.0,60.727,0.0,1000,0,0,0,0,1,Reliable,0.0,0.99998474,3PR3LXCWSFBJZ4GV1ITS0P2CQ8UX9R#192e7657-bc16-4c79-987e-e09911895e5c#1APTDBSKYMKXXQ,1000,Your Task
3519,30,65,7,7,9,0,0,21,21,0,0,0,0,7,0,57,0,60.19706455917069,0.5131889561736631,1.1119094050429368,0.1197440897738547,0.1197440897738547,0.1539566868520989,0.0,0.0,0.3592322693215642,0.3592322693215642,0.0,0.0,0.0,0.0,0.1197440897738547,0.0,0.97505901672996,0.0,58.458,0.0,1000,0,0,0,0,1,Reliable,0.0,0.9999871,3ABAOCJ4R8GEXRYD4D25B3C3T4EQMM#75496ba7-f1d4-4bd7-926b-412e0162515f#1A1TU91GGHEXCY3,1000,Your Task
1772,13,32,2,2,4,0,0,12,12,0,0,0,0,7,0,86,0,59.05879216104519,0.4332755632582322,1.0665244634048794,0.0666577789628049,0.0666577789628049,0.1333155579256099,0.0,0.0,0.3999466737768297,0.3999466737768297,0.0,0.0,0.0,0.0,0.2333022263698173,0.0,2.8662844954006133,0.0,30.004,0.0,1000,0,0,0,0,1,Reliable,0.0,0.9999863,30EMX9PEVKVVKJDNB5EURQZ0MN4KS0#6a9d1d7f-1ea5-4bd6-8910-a8854974b342#1A1FTH1J2TLQ7TX,1000,Your Task
2795,10,38,3,3,4,0,0,14,14,0,0,0,0,7,0,79,0,42.75400006118641,0.1529660109523664,0.5812708416189923,0.0458898032857099,0.0458898032857099,0.0611864043809465,0.0,0.0,0.2141524153333129,0.2141524153333129,0.0,0.0,0.0,0.0,0.1070762076666564,0.0,1.2084314865236945,0.0,65.374,0.0,1000,0,0,0,0,1,Reliable,0.0,0.9999864,3QGTX7BCHPEP3CEYZA4WLUDLCCB5Z7#40da2466-9944-4ed0-8095-dd9050ca4a29#1AKM2PJPFPNFJQ,1000,Your Task
1749,16,32,3,3,4,0,0,11,11,0,0,0,0,4,0,36,0,55.128285948433465,0.5043182247998487,1.0086364495996971,0.0945596671499716,0.0945596671499716,0.1260795561999621,0.0,0.0,0.346718779549896,0.346718779549896,0.0,0.0,0.0,0.0,0.1260795561999621,0.0,1.1347160057996597,0.0,31.726,0.0,1000,0,0,0,0,1,Reliable,0.0,0.99998856,336OE47KI2W27BO8UE22QOD28Y7WVD#d963d220-374a-4311-b309-e4ccd07107a7#1A251CVGBR9ARUW,1000,Your Task
1251,9,38,3,3,4,0,0,14,14,0,0,0,0,5,0,98,0,35.74183594754436,0.2571355104139882,1.0856832661923943,0.0857118368046627,0.0857118368046627,0.1142824490728836,0.0,0.0,0.3999885717550927,0.3999885717550927,0.0,0.0,0.0,0.0,0.1428530613411045,0.0,2.799920002285649,0.0,35.001,0.0,1000,0,0,0,0,1,Reliable,0.0,0.99998605,3LAZVA75NI3L5BH4FIRH7P358YG2O0#24de39f9-6e3a-4a71-8559-c6e04fd20c4b#1AEUV7R2K2QEUV,1000,Your Task
3795,13,57,3,3,4,0,0,24,23,0,0,0,0,15,2,33,0,203.6927701143256,0.6977617948580324,3.0594171005313724,0.1610219526595459,0.1610219526595459,0.2146959368793945,0.0,0.0,1.2881756212763673,1.2345016370565187,0.0,0.0,0.0,0.0,0.8051097632977295,0.1073479684396972,1.771241479255005,0.0,18.631,86.652,1000,0,0,0,0,1,Reliable,0.0,0.9999924,31ODACBENURHVMBIOAYRNCB9LTWQSY#c6a03e5f-1698-45cc-832c-21bafa8a0c21#1AYBFTTB8O99G4,1000,Your Task
3795,13,57,3,3,4,0,0,24,23,0,0,0,0,15,2,33,0,203.6927701143256,0.6977617948580324,3.0594171005313724,0.1610219526595459,0.1610219526595459,0.2146959368793945,0.0,0.0,1.2881756212763673,1.2345016370565187,0.0,0.0,0.0,0.0,0.8051097632977295,0.1073479684396972,1.771241479255005,0.0,18.631,86.652,1000,0,0,0,0,1,Reliable,0.0,0.9999924,31ODACBENURHVMBIOAYRNCB9LTWQSY#c6a03e5f-1698-45cc-832c-21bafa8a0c21#1AYBFTTB8O99G4,1000,Your Task
1095,6,35,3,3,4,0,0,13,12,0,0,0,0,5,0,86,0,36.48175912043978,0.1999000499750124,1.1660836248542394,0.0999500249875062,0.0999500249875062,0.1332666999833416,0.0,0.0,0.4331167749458603,0.3998000999500249,0.0,0.0,0.0,0.0,0.166583374979177,0.0,2.865234049641846,0.0,30.015,0.0,1000,0,0,0,0,1,Reliable,0.0,0.99998665,3JTPR5MTZSOUEHFCZ91MYFP883X5KK#2f998739-6af5-40d4-8940-755f8319b774#1A1N5FXY9GPR3RP,1000,Your Task
1460,0,32,0,0,2,0,0,15,15,0,0,0,0,7,0,95,0,25.88239465333546,0.0,0.5672853622648868,0.0,0.0,0.0354553351415554,0.0,0.0,0.2659150135616657,0.2659150135616657,0.0,0.0,0.0,0.0,0.124093672995444,0.0,1.6841284192238828,0.0,56.409,0.0,1000,0,0,0,0,1,Reliable,0.0,0.9999856,33CLA8O0MIN83ILWV5NSL32ZSP5RFI#4d5ef380-f81e-4769-8031-541c10307fa4#1A30CE8LX80YEO,1000,Your Task
950,0,4,0,0,2,0,0,1,1,0,0,0,0,0,0,22,0,215.86003181095188,0.0,0.9088843444671658,0.0,0.0,0.4544421722335829,0.0,0.0,0.2272210861167914,0.2272210861167914,0.0,0.0,0.0,0.0,0.0,0.0,4.998863894569412,0.0,4.401000000000003,42.412,1001,0,0,0,0,1,Reliable,0.0,0.9999919,34R0BODSP1BRSHN23NQJ0KC3O615E0#a5d29a5d-5846-4073-8b1d-ccec9d011595#1A22AM327QRSABB,1001,Your Task
374,6,20,2,2,4,0,0,6,6,0,0,0,0,2,0,32,0,23.270283723245395,0.3733200597312096,1.244400199104032,0.1244400199104032,0.1244400199104032,0.2488800398208064,0.0,0.0,0.3733200597312096,0.3733200597312096,0.0,0.0,0.0,0.0,0.1244400199104032,0.0,1.9910403185664511,0.0,16.072,0.0,1000,0,0,0,0,1,Reliable,0.0,0.99998903,3YKP7CX6G2R88IP1HP3QXWKECFJB7L#fc875b95-9a19-4afe-a6be-1286b97c0b48#1A105YRJ9M16N2P,1000,Your Task
2395,0,26,0,0,2,0,0,12,12,0,0,0,0,4,0,46,0,186.23639191290823,0.0,2.021772939346812,0.0,0.0,0.1555209953343701,0.0,0.0,0.9331259720062208,0.9331259720062208,0.0,0.0,0.0,0.0,0.3110419906687403,0.0,3.576982892690513,0.0,12.86,36.71,1001,0,0,0,0,1,Reliable,0.0,0.9999902,3UY4PIS8QRXWY5ZWVZRQNHTVQIX1N3#6963495c-fbd0-4ade-b8e5-0612d794c6b3#1A2L4CWEP172Z2M,1001,Your Task
2110,7,54,2,2,4,0,0,23,23,0,0,0,0,10,0,41,0,104.23871158976384,0.3458156308665152,2.6677205809702595,0.0988044659618614,0.0988044659618614,0.1976089319237229,0.0,0.0,1.136251358561407,1.136251358561407,0.0,0.0,0.0,0.0,0.4940223298093074,0.0,2.02549155221816,0.0,20.242,0.0,1000,0,0,0,0,1,Reliable,0.0,0.9999871,36D1BWBEHNDX58WS22C4FLE0DY12ML#43d40f9c-0b81-43d8-ab6d-e26802e34ccc#1A27ZS8SAIX3YC1,1000,Your Task
7547,22,49,3,3,5,0,0,19,19,0,0,0,0,11,0,98,0,89.98557273843733,0.2623138465940932,0.5842444765050256,0.0357700699901036,0.0357700699901036,0.0596167833168393,0.0,0.0,0.2265437766039895,0.2265437766039895,0.0,0.0,0.0,0.0,0.1311569232970466,0.0,1.1684889530100513,0.0,83.869,12.927,1000,0,0,0,0,1,Reliable,0.0,0.9999857,3ZXNP4Z39RXKLRBD82SKBZGJO9X7L4#72367383-330f-43bb-9446-07c4399cc83d#1A8IH6UFVG5VO7,1000,Your Task
365,14,29,6,6,7,0,0,5,5,0,0,0,0,5,0,14,0,22.015803124434523,0.8444417636769407,1.7492007961879483,0.3619036130044031,0.3619036130044031,0.4222208818384703,0.0,0.0,0.301586344170336,0.301586344170336,0.0,0.0,0.0,0.0,0.301586344170336,0.0,0.8444417636769407,0.0,16.579,0.0,1000,0,0,0,0,1,Reliable,0.0,0.99998975,3V7ICJJAZASBPV7IFR5JUK04LDTB41#604e476e-9a5a-4498-adef-c66f2e163dc7#1APTDBSKYMKXXQ,1000,Your Task
4369,37,80,12,14,14,0,2,19,19,0,0,0,0,9,0,101,0,58.72390757940295,0.497318512345596,1.075283269936424,0.1612924904904635,0.1881745722388741,0.1881745722388741,0.0,0.0268820817484105,0.2553797766099007,0.2553797766099007,0.0,0.0,0.0,0.0,0.1209693678678476,0.0,1.357545128294735,0.0,74.399,0.0,1000,0,0,0,0,1,Reliable,0.0,0.99998593,375VSR8FVWLE8ZCWWHHZOVIH4UYRZ5#daa34819-cc17-4d10-bbea-799daa6b5555#1AKM2PJPFPNFJQ,1000,Your Task
1753,0,20,0,0,2,0,0,9,9,0,0,0,0,2,0,69,0,61.61470598572985,0.0,0.7029629889986292,0.0,0.0,0.0702962988998629,0.0,0.0,0.3163333450493831,0.3163333450493831,0.0,0.0,0.0,0.0,0.0702962988998629,0.0,2.4252223120452707,0.0,28.451,13.531,1001,0,0,0,0,1,Reliable,0.0,0.9999882,35A1YQPVFES38MPOZ6GALZAVGZ85I9#229edf0c-9808-4009-b198-da22513f3fd2#1A28OYCLRGGCZ9V,1001,Your Task
3320,9,38,3,3,5,0,0,14,13,0,0,0,0,7,0,100,0,64.08524109176541,0.1737250511523761,0.7335057715322548,0.0579083503841253,0.0579083503841253,0.0965139173068756,0.0,0.0,0.2702389684592517,0.2509361849978766,0.0,0.0,0.0,0.0,0.1351194842296258,0.0,1.9302783461375128,0.0,51.80600000000001,80.375,1000,0,0,0,0,1,Reliable,0.0,0.9999906,3VGET1QSZ0B0WLNCCGZMKAXZMG17WX#87a7ab37-4cdd-44a7-b8da-0b6c6d6fceba#1APTDBSKYMKXXQ,1000,Your Task
6722,37,49,5,5,8,0,0,16,15,0,0,0,0,11,0,109,0,76.07686910070395,0.418750990289504,0.5545621222752891,0.0565879716607437,0.0565879716607437,0.09054075465719,0.0,0.0,0.1810815093143801,0.1697639149822313,0.0,0.0,0.0,0.0,0.1244935376536363,0.0,1.2336177822042147,0.0,88.358,0.0,1000,0,0,0,0,1,Reliable,0.0,0.9999857,3YLPJ8OXX8PI2YAJKNX1JHRW4GGX4V#2008383b-7be5-46e8-ba83-5620e2f0ad0f#1A2RKFTWTSJQE6S,1000,Your Task
5133,20,48,5,5,8,0,0,15,15,0,0,0,0,9,0,100,0,71.72500523999162,0.2794662195207154,0.670718926849717,0.0698665548801788,0.0698665548801788,0.1117864878082861,0.0,0.0,0.2095996646405366,0.2095996646405366,0.0,0.0,0.0,0.0,0.1257597987843219,0.0,1.397331097603577,0.0,71.565,14.707,1000,0,0,0,0,1,Reliable,0.0,0.9999863,3Y40HMYLL1UHJW4YZTOJWLPQ3T4UXF#03c69690-5b0a-4af2-bb4b-ddfa0f949018#1A3TAV5OS2ARBBB,1000,Your Task
1206,5,37,3,3,5,0,0,13,13,0,0,0,0,5,0,113,0,25.69565773213449,0.1065325776622491,0.7883410747006435,0.0639195465973494,0.0639195465973494,0.1065325776622491,0.0,0.0,0.2769847019218477,0.2769847019218477,0.0,0.0,0.0,0.0,0.1065325776622491,0.0,2.40763625516683,0.0,46.934,0.0,1000,0,0,0,0,1,Reliable,0.0,0.99998534,3FTID4TN8LA30B7EVBIKOC0GS86LYJ#62fdd512-62e9-42d7-bdd6-4416c07ecd85#1A1M9R3EB21STGU,1000,Your Task
2296,7,37,3,3,5,0,0,13,13,0,0,0,0,8,0,91,0,68.89308968704053,0.2100399075824406,1.1102109400786146,0.0900171032496174,0.0900171032496174,0.150028505416029,0.0,0.0,0.3900741140816754,0.3900741140816754,0.0,0.0,0.0,0.0,0.2400456086656464,0.0,2.7305187985717283,0.0,33.327000000000005,32.227,1000,0,0,0,0,1,Reliable,0.0,0.99998844,3HUR21WDDU1Y05O39UL8Z6V3ZHFXYG#a851d1b6-049e-4914-88bd-54f66eef3c48#1A11SFDGIWJCHKY,1000,Your Task
11185,32,56,4,4,6,0,0,21,21,0,0,0,0,9,0,24,0,241.29004422392413,0.6903246683205697,1.208068169560997,0.0862905835400712,0.0862905835400712,0.1294358753101068,0.0,0.0,0.4530255635853738,0.4530255635853738,0.0,0.0,0.0,0.0,0.1941538129651602,0.0,0.5177435012404272,0.0,46.35499999999999,99.958,1000,0,0,0,0,1,Reliable,0.0,0.999987,3YO4AH2FPDWHUDR6F8F7D65QQ1DQ0B#b1a66a0f-8915-45d9-a0db-f80e2b6b5110#1A2JDTCZNMIMGXP,1000,Your Task
5009,11,36,4,4,6,0,0,11,11,0,0,0,0,5,2,93,0,64.00214660823121,0.1405517294251434,0.4599874781186512,0.0511097197909612,0.0511097197909612,0.0766645796864418,0.0,0.0,0.1405517294251434,0.1405517294251434,0.0,0.0,0.0,0.0,0.0638871497387015,0.0255548598954806,1.188300985139849,0.0,78.263,0.0,1000,0,0,0,0,1,Reliable,0.0,0.9999901,3HY86PZXPYUS4ZMJ20O7XUZMCQWE1R#1b6fc3ff-0683-4041-b846-94fbceaaa28d#1A2NDR02PKM9OGP,1000,Your Task
1556,17,28,2,2,4,0,0,10,10,0,0,0,0,11,0,30,0,66.18741758475477,0.7231273129439789,1.1910332213194947,0.085073801522821,0.085073801522821,0.170147603045642,0.0,0.0,0.4253690076141052,0.4253690076141052,0.0,0.0,0.0,0.0,0.4679059083755157,0.0,1.2761070228423157,0.0,23.509,0.0,1000,0,0,0,0,1,Reliable,0.0,0.9999883,3HXK2V1N4KRXDY06RZE92GU3HCQ2GE#560462e5-fbcf-4b99-8c6b-6c83d36eef17#1AZ22G29UQV82E,1000,Your Task
6256,43,74,10,10,11,0,2,21,20,0,0,0,0,22,0,118,0,78.0020697480144,0.536139545902273,0.922658753413214,0.12468361532611,0.12468361532611,0.137151976858721,0.0,0.024936723065222,0.261835592184831,0.24936723065222,0.0,0.0,0.0,0.0,0.274303953717442,0.0,1.471266660848098,0.0,80.203,36.117,1000,0,0,0,0,1,Reliable,0.0,0.99998605,34F34TZU7WB740Q7Z5ZCZTMJ9462JH#fc8f3908-d79a-4912-91d1-c26d07ad79c1#1A3URZA4X9DOFM7,1000,Your Task
1115,8,32,2,2,4,0,0,12,12,0,0,0,0,5,0,86,0,56.11474584801208,0.4026170105686965,1.610468042274786,0.1006542526421741,0.1006542526421741,0.2013085052843482,0.0,0.0,0.6039255158530448,0.6039255158530448,0.0,0.0,0.0,0.0,0.2516356316054353,0.0,4.3281328636134875,0.0,19.87,0.0,1000,0,0,0,0,1,Reliable,0.0,0.9999864,3S829FDFT2DV2UTCDYYUMLL2HT9XD8#9ee90dff-f6ba-4cad-9a09-341f3a58d5d0#1ASOA7UM2FXCFF,1000,Your Task
239,0,7,0,0,2,0,0,3,2,0,0,0,0,0,0,39,0,26.993449288457192,0.0,0.7906031172351479,0.0,0.0,0.2258866049243279,0.0,0.0,0.3388299073864919,0.2258866049243279,0.0,0.0,0.0,0.0,0.0,0.0,4.404788796024396,0.0,8.854000000000001,11.524,1001,0,0,0,0,1,Reliable,0.0,0.99998975,324N5FAHSXNBCBUR50JZ2DJ7LRZKV6#461b6c79-2b75-4ba9-9a03-295bf866b6d6#1A28OYCLRGGCZ9V,1001,Your Task
7385,68,122,19,19,20,0,2,31,31,0,0,0,0,17,0,113,0,58.67304376842222,0.540252806533881,0.9692770940754925,0.1509529900609373,0.1509529900609373,0.1588978842746709,0.0,0.015889788427467,0.2462917206257398,0.2462917206257398,0.0,0.0,0.0,0.0,0.1350632016334702,0.0,0.8977730461518905,0.0,125.867,37.628,1000,0,0,0,0,1,Reliable,0.0,0.99998593,3P6ENY9P798FOF9J08HJAWDLL8YIH2#bcbd2734-5edf-46d1-b6d9-76526b6b441c#1A3QOH49HZYE7UG,1000,Your Task
2619,10,33,2,2,5,0,0,12,12,0,0,0,0,9,0,111,0,46.30071599045346,0.1767877662865729,0.5833996287456908,0.0353575532573145,0.0353575532573145,0.0883938831432864,0.0,0.0,0.2121453195438875,0.2121453195438875,0.0,0.0,0.0,0.0,0.1591089896579156,0.0,1.96234420578096,0.0,56.565,0.0,1000,0,0,0,0,1,Reliable,0.0,0.99998486,3YGE63DIN89MEANSRHED5VNCE2V0WQ#d0974ae4-6297-43fc-9e56-04d40c60113a#1AUD9XPEM59ML1,1000,Your Task
391,12,14,2,2,4,0,0,3,3,0,0,0,0,2,0,14,0,21.491782553729458,0.6595943494750728,0.7695267410542516,0.1099323915791787,0.1099323915791787,0.2198647831583575,0.0,0.0,0.1648985873687682,0.1648985873687682,0.0,0.0,0.0,0.0,0.1099323915791787,0.0,0.7695267410542516,0.0,18.193,0.0,1000,0,0,0,0,1,Reliable,0.0,0.99998975,3CIS7GGG65V8DWDH4OYR8W4JNNTEUQ#430dea8d-ba9b-43cb-9d95-161f96541c53#1A1373XOPHRIYGA,1000,Your Task
3317,15,34,3,3,4,0,0,12,12,0,0,0,0,7,0,86,0,76.44090060608853,0.3456778743115249,0.7835365151061231,0.0691355748623049,0.0691355748623049,0.0921807664830733,0.0,0.0,0.2765422994492199,0.2765422994492199,0.0,0.0,0.0,0.0,0.1613163413453782,0.0,1.981886479386076,0.0,43.393,0.0,1000,0,0,0,0,1,Reliable,0.0,0.9999862,34YWR3PJ28M13ASI1MAZ7E1JN41X0G#89f40dbe-aacb-4a88-b304-764ee6b59d55#1A8IH6UFVG5VO7,1000,Your Task
2110,1,44,0,0,2,0,0,21,21,0,0,0,0,10,0,39,0,100.98592897482531,0.0478606298458887,2.105867713219106,0.0,0.0,0.0957212596917775,0.0,0.0,1.0050732267636644,1.0050732267636644,0.0,0.0,0.0,0.0,0.4786062984588877,0.0,1.8665645639896624,0.0,20.894,0.0,1000,0,0,0,0,1,Reliable,0.0,0.9999871,3B6F54KMR2OTEIR13V8CMB31DH4S15#05f7efeb-3d87-4573-8f52-5f5fd37742b5#1A3NVL4RD4B6L1U,1000,Your Task
2138,24,49,6,6,7,0,0,15,15,0,0,0,0,20,0,90,0,37.49101302891613,0.4208532800252512,0.8592421133848879,0.1052133200063128,0.1052133200063128,0.1227488733406982,0.0,0.0,0.263033300015782,0.263033300015782,0.0,0.0,0.0,0.0,0.3507110666877093,0.0,1.578199800094692,0.0,57.027,0.0,1000,0,0,0,0,1,Reliable,0.0,0.9999857,3UUIU9GZC5HTH05ZTIFEZ6C4RGNT5D#5f749b11-7fcb-40d9-9b33-89f5712fca5d#1A3QOH49HZYE7UG,1000,Your Task
1900,7,32,2,2,4,0,0,12,12,0,0,0,0,10,0,88,0,59.31198102016607,0.2185178248111381,0.9989386277080602,0.0624336642317537,0.0624336642317537,0.1248673284635075,0.0,0.0,0.3746019853905226,0.3746019853905226,0.0,0.0,0.0,0.0,0.3121683211587688,0.0,2.7470812261971655,0.0,32.034,0.0,1000,0,0,0,0,1,Reliable,0.0,0.99998593,3Y7LTZE0YTY6OR4D0BC4T651BT2ZUH#4de41d97-1b0c-473a-bf1c-b747bee7a955#1A18Z4R0CJI0134,1000,Your Task
1925,13,42,4,4,6,0,0,14,14,0,0,0,0,7,0,61,0,60.858019031962314,0.4109892194366286,1.3278113243337233,0.1264582213651165,0.1264582213651165,0.1896873320476747,0.0,0.0,0.4426037747779077,0.4426037747779077,0.0,0.0,0.0,0.0,0.2213018873889538,0.0,1.9284878758180264,0.0,31.631,0.0,1000,0,0,0,0,1,Reliable,0.0,0.99998724,37G6BXQPLQXGL360NFEMYV7UK2NQEX#34cfbccd-70c5-4f34-aba3-069cf60a8557#1A3AMQZEK5KLOD5,1000,Your Task
2099,9,34,3,3,4,0,0,12,12,0,0,0,0,6,0,66,0,49.29544387036167,0.2113668388914983,0.7984969469234383,0.0704556129638327,0.0704556129638327,0.0939408172851103,0.0,0.0,0.2818224518553311,0.2818224518553311,0.0,0.0,0.0,0.0,0.1409112259276655,0.0,1.550023485204321,0.0,42.58,0.0,1000,0,0,0,0,1,Reliable,0.0,0.99998724,3HEADTGN2P4XZF7MVKSW3P5LGJSRV5#b864a147-13ce-4b38-bb56-d2cefc98b1b1#1A1A8IC9BQ8JM29,1000,Your Task
880,14,60,3,3,4,0,0,25,25,0,0,0,0,12,0,31,0,21.078349182016336,0.3353373733502598,1.4371601715011135,0.0718580085750556,0.0718580085750556,0.0958106781000742,0.0,0.0,0.5988167381254641,0.5988167381254641,0.0,0.0,0.0,0.0,0.2874320343002227,0.0,0.7425327552755754,0.0,41.749,0.0,1000,0,0,0,0,1,Reliable,0.0,0.99998784,3TX9T2ZCB9DJGVTIVBR5BUQYW9DZWG#f6cccceb-5a0d-4dca-90ca-5424442e4ed8#1A2FLIJ9UW1V2BD,1000,Your Task
1520,10,32,2,2,4,0,0,12,12,0,0,0,0,13,0,77,0,57.785888077858885,0.3801703163017031,1.2165450121654502,0.0760340632603406,0.0760340632603406,0.1520681265206812,0.0,0.0,0.4562043795620438,0.4562043795620438,0.0,0.0,0.0,0.0,0.4942214111922141,0.0,2.9273114355231145,0.0,26.304,0.0,1000,0,0,0,0,1,Reliable,0.0,0.9999863,3Z3R5YC0P3ZLJXYOZUSNLI3HGA2FTJ#34769a1a-f135-4fa7-9adb-f2fefe9abcf0#1A1R1A7KXWQ5W8N,1000,Your Task
182,0,5,0,0,2,0,0,2,1,0,0,0,0,0,0,16,0,37.43315508021394,0.0,1.0283833813245589,0.0,0.0,0.4113533525298236,0.0,0.0,0.4113533525298236,0.2056766762649118,0.0,0.0,0.0,0.0,0.0,0.0,3.2908268202385886,0.0,4.861999999999995,32.566,1001,0,0,0,0,1,Reliable,0.0,0.99999166,3SA4EMRVJVEWU1QRFV0ID1FGL5SP0K#733929e8-4db5-4a1a-ace3-68e86c34a2f3#1A2L4CWEP172Z2M,1001,Your Task
2617,8,59,3,3,5,0,0,24,24,0,0,0,0,12,0,43,0,101.90413145905534,0.3115143491297067,2.2974183248315874,0.11681788092364,0.11681788092364,0.1946964682060667,0.0,0.0,0.9345430473891204,0.9345430473891204,0.0,0.0,0.0,0.0,0.4672715236945601,0.0,1.6743896265721738,0.0,25.681,0.0,1000,0,0,0,0,1,Reliable,0.0,0.9999869,33TGB4G0LPT2JJP9ZOY9RP3OKFXXTR#3dd6897d-3436-4c79-8e0e-53bfe08e4751#1ATL78T1OZ0ZCS,1000,Your Task
5161,20,54,6,6,8,0,2,16,16,0,0,0,0,10,0,70,0,81.01277744639437,0.3139421718519448,0.8476438640002512,0.0941826515555834,0.0941826515555834,0.1255768687407779,0.0,0.0313942171851944,0.2511537374815559,0.2511537374815559,0.0,0.0,0.0,0.0,0.1569710859259724,0.0,1.098797601481807,0.0,63.706,0.0,1000,0,0,0,0,1,Reliable,0.0,0.9999862,3CVDZS288HCH6284QXRBZ48PM25MFO#08f3cd62-ef35-4692-bf78-d738d89e67b6#1A15F7R6AUKKSH7,1000,Your Task
2545,12,32,2,2,4,0,0,12,12,0,0,0,0,11,0,87,0,83.2706213395282,0.3926316133887381,1.0470176357033016,0.0654386022314563,0.0654386022314563,0.1308772044629127,0.0,0.0,0.3926316133887381,0.3926316133887381,0.0,0.0,0.0,0.0,0.3599123122730099,0.0,2.846579197068351,0.0,30.562999999999995,13.121,1000,0,0,0,0,1,Reliable,0.0,0.999987,3FVBZG9CLJQ4HKS3WISD4SDPZEI0HQ#04d856a7-a0f4-43ef-aedd-c90727f2b853#1A2BTDOLZCDMPV3,1000,Your Task
5079,8,30,2,2,4,0,0,11,11,0,0,0,0,5,0,80,0,94.42802164091697,0.1487348243999479,0.5577555914998048,0.0371837060999869,0.0371837060999869,0.0743674121999739,0.0,0.0,0.2045103835499284,0.2045103835499284,0.0,0.0,0.0,0.0,0.0929592652499674,0.0,1.4873482439994794,0.0,53.787,0.0,1000,0,0,0,0,1,Reliable,0.0,0.9999858,338431Z1FLR29VYPU86I8XBDKQWRO4#05314b8c-f79d-4d9a-abda-c7e255a7e31c#1A2KB4QFARMBJCE,1000,Your Task
427,0,4,0,0,2,0,0,1,1,0,0,0,0,0,0,14,0,144.8931116389549,0.0,1.3573125212080086,0.0,0.0,0.6786562606040043,0.0,0.0,0.3393281303020021,0.3393281303020021,0.0,0.0,0.0,0.0,0.0,0.0,4.75059382422803,0.0,2.946999999999999,18.536,1000,0,0,0,0,1,Reliable,0.0,0.9999908,34YWR3PJ28M13ASI1MAZ7E1JN410XJ#7e9de2ab-a613-42e0-bc60-9ea108b39ccf#1A1WBQGNHSA734S,1000,Your Task
3220,34,26,1,1,2,0,0,11,11,0,0,0,0,11,0,101,0,39.29321032850101,0.4148972519158491,0.3172743691121199,0.0122028603504661,0.0122028603504661,0.0244057207009323,0.0,0.0,0.1342314638551276,0.1342314638551276,0.0,0.0,0.0,0.0,0.1342314638551276,0.0,1.2324888953970812,0.0,81.948,0.0,1000,0,0,0,0,1,Reliable,0.0,0.9999856,3TUOHPJXYH9UB0T3UT3KE9ANO9FXWH#2d7e41f0-f91e-408e-aa2c-062dbb70c5c1#1A2ZFSAJFJ1VXUO,1000,Your Task
2694,5,25,1,1,3,0,0,10,10,0,0,0,0,5,2,45,0,70.93767280195908,0.1316586354899017,0.658293177449509,0.0263317270979803,0.0263317270979803,0.078995181293941,0.0,0.0,0.2633172709798035,0.2633172709798035,0.0,0.0,0.0,0.0,0.1316586354899017,0.0526634541959607,1.184927719409116,0.0,37.977,0.0,1000,0,0,0,0,1,Reliable,0.0,0.9999918,3S1WOPCJFG5ZZG2NSPUD1UV867WJE0#82d8cf63-249c-4398-9995-bffdae01b0d7#1A2NDR02PKM9OGP,1000,Your Task
1704,2,44,0,0,2,0,0,21,21,0,0,0,0,10,0,35,0,93.23703217334209,0.1094331363536879,2.4075289997811335,0.0,0.0,0.1094331363536879,0.0,0.0,1.149047931713723,1.149047931713723,0.0,0.0,0.0,0.0,0.5471656817684395,0.0,1.9150798861895384,0.0,18.276,0.0,1000,0,0,0,0,1,Reliable,0.0,0.99998736,3NOEP8XAU4E4RRW2I7PPMF2RVCCXPM#94ad6d4e-006c-4e8a-bd9f-488a64607972#1ASPXGXL42CT6F,1000,Your Task
3968,12,32,2,2,4,0,0,12,12,0,0,0,0,7,0,86,0,81.41992407920385,0.2462296091104955,0.6566122909613215,0.0410382681850825,0.0410382681850825,0.0820765363701651,0.0,0.0,0.2462296091104955,0.2462296091104955,0.0,0.0,0.0,0.0,0.143633938647789,0.0,1.7646455319585514,0.0,48.735,25.839,1000,0,0,0,0,1,Reliable,0.0,0.9999881,3NRZ1LDP7WITWMWHJPDAJ0I23CAPZB#31fda90a-4375-46c1-927c-cdb74d16a6b6#1A1S7C0CHDULDKE,1000,Your Task
2974,22,81,13,13,15,0,2,19,19,0,0,0,0,6,0,72,0,42.40212153183723,0.3136673415267044,1.1548661210755935,0.1853488836294163,0.1853488836294163,0.2138640964954803,0.0,0.028515212866064,0.2708945222276084,0.2708945222276084,0.0,0.0,0.0,0.0,0.0855456385981921,0.0,1.0265476631783057,0.0,70.138,0.0,1000,0,0,0,0,1,Reliable,0.0,0.99998736,3AXFSPQOYQAR5U2JN0EJJCG8I8BJFI#699eec21-2a1d-49f1-8461-17b23a6b0f64#1A2ICDD2IP1CXD2,1000,Your Task
1752,10,32,2,2,4,0,0,12,12,0,0,0,0,5,0,72,0,58.26986397046595,0.3325905477766321,1.064289752885223,0.0665181095553264,0.0665181095553264,0.1330362191106529,0.0,0.0,0.3991086573319586,0.3991086573319586,0.0,0.0,0.0,0.0,0.166295273888316,0.0,2.3946519439917515,0.0,30.067,0.0,1000,0,0,0,0,1,Reliable,0.0,0.9999869,3UXQ63NLAAY7N3E3LJ40G12F7ZNLB3#053223ed-9a24-48d5-b8d9-36bb6fad33bf#1A2QK4B2GJGFBZW,1000,Your Task
4545,13,38,3,3,6,0,0,13,13,0,0,0,0,10,0,87,0,100.36879182032992,0.2870834529514387,0.8391670163195901,0.0662500276041781,0.0662500276041781,0.1325000552083563,0.0,0.0,0.2870834529514387,0.2870834529514387,0.0,0.0,0.0,0.0,0.2208334253472605,0.0,1.9212508005211668,0.0,45.283,13.1,1000,0,0,0,0,1,Reliable,0.0,0.99998665,3DZKABX2ZIHTTDI3DN21EU6ZGIPVC3#25bf2a72-a853-4713-b176-6377d753be0c#1AB4UCFTHEIRLO,1000,Your Task
4161,47,89,16,16,17,0,0,20,20,0,0,0,0,22,0,123,0,50.39177455100336,0.5691933198503143,1.0778341588654887,0.1937679386724474,0.1937679386724474,0.2058784348394753,0.0,0.0,0.2422099233405592,0.2422099233405592,0.0,0.0,0.0,0.0,0.2664309156746152,0.0,1.4895910285444396,0.0,82.573,0.0,1001,0,0,0,0,1,Reliable,0.0,0.99998426,3PIOQ99R7YYC72QUXN1AYJYS1FUNUO#dd8e3071-cc22-4a3d-a81c-dd7cb1557323#1A18TLEZ54EP5JO,1001,Your Task
1692,7,54,2,2,4,0,0,23,23,0,0,0,0,14,0,27,0,88.14795519666579,0.3646783016410523,2.813232612659547,0.1041938004688721,0.1041938004688721,0.2083876009377442,0.0,0.0,1.198228705392029,1.198228705392029,0.0,0.0,0.0,0.0,0.7293566032821047,0.0,1.4066163063297734,0.0,19.195,0.0,1000,0,0,0,0,1,Reliable,0.0,0.9999876,39I4RL8QGJTLG8A4FJFFGV32GQYH4N#d01e4a93-a1b4-4215-88c9-e48bf767e22c#1A1FTH1J2TLQ7TX,1000,Your Task
2527,9,36,3,3,4,0,0,13,13,0,0,0,0,6,0,98,0,58.61613045394447,0.2087634246480016,0.8350536985920067,0.0695878082160005,0.0695878082160005,0.0927837442880007,0.0,0.0,0.3015471689360024,0.3015471689360024,0.0,0.0,0.0,0.0,0.1391756164320011,0.0,2.2732017350560185,0.0,43.111,0.0,1000,0,0,0,0,1,Reliable,0.0,0.9999857,341YLJU21IBB9P61HNECNS7JWPH2I5#fa3a82ef-2c59-43b2-85e0-7ace7d7bd186#1A251CVGBR9ARUW,1000,Your Task
1573,5,34,2,2,4,0,0,13,13,0,0,0,0,5,0,95,0,61.30402587785962,0.19486340075607,1.325071125141276,0.077945360302428,0.077945360302428,0.155890720604856,0.0,0.0,0.506644841965782,0.506644841965782,0.0,0.0,0.0,0.0,0.19486340075607,0.0,3.70240461436533,0.0,25.659,0.0,1000,0,0,0,0,1,Reliable,0.0,0.99998593,32K26U12DN03Y5OHDJXCY0OH1I1VD3#d015b1cc-bcec-4109-b422-06210857c2a0#1A2EH125FTLGJPP,1000,Your Task
3750,8,56,3,3,4,0,0,23,23,0,0,0,0,20,0,34,0,164.46647076882593,0.3508618043068287,2.4560326301478006,0.1315731766150607,0.1315731766150607,0.1754309021534143,0.0,0.0,1.0087276873821325,1.0087276873821325,0.0,0.0,0.0,0.0,0.8771545107670716,0.0,1.4911626683040218,0.0,22.801,0.0,1000,0,0,0,0,1,Reliable,0.0,0.99998677,3OLZC0DJ8JRK6G435XYNPX4UTN9VI5#32592524-2e05-4f81-8494-baf38e0c8b8b#1AHZKSZ8ANCT5M,1000,Your Task
2330,5,54,2,2,4,0,0,23,23,0,0,0,0,10,0,27,0,115.92039800995023,0.2487562189054726,2.686567164179104,0.099502487562189,0.099502487562189,0.1990049751243781,0.0,0.0,1.144278606965174,1.144278606965174,0.0,0.0,0.0,0.0,0.4975124378109452,0.0,1.343283582089552,0.0,20.1,15.491,1000,0,0,0,0,1,Reliable,0.0,0.9999888,33NKDW9FFXULX2NYD23J2F3KWTXXC8#8d5533cc-46b6-402f-9608-57d83989c30b#1A2706PECE4BTXT,1000,Your Task
2039,11,32,2,2,4,0,0,12,12,0,0,0,0,8,0,84,0,58.28545293428237,0.3144384415287425,0.9147300117199784,0.0571706257324986,0.0571706257324986,0.1143412514649973,0.0,0.0,0.3430237543949919,0.3430237543949919,0.0,0.0,0.0,0.0,0.2286825029299946,0.0,2.401166280764943,0.0,34.983,0.0,1000,0,0,0,0,1,Reliable,0.0,0.9999862,31SIZS5W59R5U7B59LYMX26DZRDQRA#7daceb3e-3716-4a35-9ce2-44fa1671ec7f#1AOWY3Z2GEN3U0,1000,Your Task
4376,15,35,3,3,5,0,0,12,12,0,0,0,0,8,0,80,0,59.919760101874544,0.2053922306965535,0.4792485382919582,0.0410784461393107,0.0410784461393107,0.0684640768988511,0.0,0.0,0.1643137845572428,0.1643137845572428,0.0,0.0,0.0,0.0,0.1095425230381618,0.0,1.0954252303816188,0.0,73.031,0.0,1000,0,0,0,0,1,Reliable,0.0,0.9999862,33J5JKFMK6ADB5Q3YVXQF43XTDY3QK#9e5d0967-45ca-4809-921f-1ffc405c31a0#1A1M5EI5AYF23AX,1000,Your Task
4054,28,32,2,2,4,0,0,12,12,0,0,0,0,23,0,79,0,68.58979781744354,0.4737331867016327,0.5414093562304374,0.0338380847644023,0.0338380847644023,0.0676761695288046,0.0,0.0,0.203028508586414,0.203028508586414,0.0,0.0,0.0,0.0,0.3891379747906269,0.0,1.3366043481938925,0.0,59.105,0.0,1000,0,0,0,0,1,Reliable,0.0,0.99998546,33CLA8O0MIN83ILWV5NSL32ZSP5FR6#b3665e1c-c115-4a6e-835e-dd782af5dc96#1A2QK4B2GJGFBZW,1000,Your Task
1144,7,36,2,2,4,0,0,14,14,0,0,0,0,6,0,94,0,26.59908391266944,0.1627566323327675,0.8370341091399475,0.0465018949522193,0.0465018949522193,0.0930037899044386,0.0,0.0,0.3255132646655351,0.3255132646655351,0.0,0.0,0.0,0.0,0.1395056848566579,0.0,2.1855890627543073,0.0,43.009,0.0,1000,0,0,0,0,1,Reliable,0.0,0.99998593,3XDJY5RK5SXQLUGOFIMEZASSAY0U41#ade6b3d6-2a7a-4d84-a54d-1aeeb4ff495f#1A213UWLVK573CB,1000,Your Task
3289,18,34,3,3,4,0,0,12,12,0,0,0,0,13,0,73,0,62.55706025562994,0.3423615337796713,0.6466828971393792,0.0570602556299452,0.0570602556299452,0.0760803408399269,0.0,0.0,0.2282410225197808,0.2282410225197808,0.0,0.0,0.0,0.0,0.2472611077297626,0.0,1.388466220328667,0.0,52.576,0.0,1000,0,0,0,0,1,Reliable,0.0,0.9999864,3M47JKRKCXD62KDPV3EO0GUH9YE68I#d0268525-fb3d-4be9-ba3b-01907a585bb9#1A3IBBIS7LRBAP2,1000,Your Task
4526,12,22,3,3,4,0,0,6,6,0,0,0,0,3,0,48,0,198.0397304629388,0.5250721974271466,0.9626323619497688,0.1312680493567866,0.1312680493567866,0.1750240658090488,0.0,0.0,0.2625360987135733,0.2625360987135733,0.0,0.0,0.0,0.0,0.1312680493567866,0.0,2.1002887897085865,0.0,22.853999999999985,150.579,1001,0,0,0,0,1,Reliable,0.0,0.9999933,302U8RURJZDCKHFU2DBFU50BFM3NVD#d6d628c1-8060-4d29-ad4a-7a85ff84a990#1A21TE3DO20EW5V,1001,Your Task
2621,10,32,2,2,4,0,0,12,12,0,0,0,0,11,0,88,0,58.9558449737949,0.224936455451335,0.719796657444272,0.044987291090267,0.044987291090267,0.089974582180534,0.0,0.0,0.269923746541602,0.269923746541602,0.0,0.0,0.0,0.0,0.2474301009964685,0.0,1.979440807971748,0.0,44.457,0.0,1000,0,0,0,0,1,Reliable,0.0,0.9999858,3HEA4ZVWVDYRWYU9SMXGWQ6QBD255Z#8ad55987-a9c8-48e6-9241-c0689a1f37f9#1A3MGLN1BK0HZOU,1000,Your Task
5086,31,84,8,8,13,0,0,28,27,0,0,0,0,17,0,185,0,58.5910949830079,0.3571222855826277,0.9676861931916364,0.0921605898277749,0.0921605898277749,0.1497609584701342,0.0,0.0,0.3225620643972122,0.3110419906687403,0.0,0.0,0.0,0.0,0.1958412533840216,0.0,2.1312136397672945,0.0,86.80499999999999,60.503,1000,0,0,0,0,1,Reliable,0.0,0.99998605,3ECKRY5B1Q81F09D6UNQA3HQHYFZI9#c5cbf2c9-9b11-44bb-95f8-3a310ca20384#1A3LYA1OKNFQC87,1000,Your Task
5086,31,84,8,8,13,0,0,28,27,0,0,0,0,17,0,185,0,58.5910949830079,0.3571222855826277,0.9676861931916364,0.0921605898277749,0.0921605898277749,0.1497609584701342,0.0,0.0,0.3225620643972122,0.3110419906687403,0.0,0.0,0.0,0.0,0.1958412533840216,0.0,2.1312136397672945,0.0,86.80499999999999,60.503,1000,0,0,0,0,1,Reliable,0.0,0.99998605,3ECKRY5B1Q81F09D6UNQA3HQHYFZI9#c5cbf2c9-9b11-44bb-95f8-3a310ca20384#1A3LYA1OKNFQC87,1000,Your Task
1321,5,32,2,2,3,0,0,13,12,0,0,0,0,4,0,86,0,65.16698732178975,0.2466577869863351,1.578609836712545,0.098663114794534,0.098663114794534,0.1479946721918011,0.0,0.0,0.6413102461644714,0.5919786887672044,0.0,0.0,0.0,0.0,0.1973262295890681,0.0,4.242513936164965,0.0,20.271,0.0,1000,0,0,0,0,1,Reliable,0.0,0.9999865,3IYI9285WSCK2II9WYOIB6V5LVJJC7#748c6eb4-7805-46b3-936f-ef6b31b94686#1A6RVNPDCJK6FN,1000,Your Task
1701,10,29,1,1,3,0,0,12,12,0,0,0,0,5,0,76,0,43.62768986124292,0.2564825976557491,0.7437995332016724,0.0256482597655749,0.0256482597655749,0.0769447792967247,0.0,0.0,0.3077791171868989,0.3077791171868989,0.0,0.0,0.0,0.0,0.1282412988278745,0.0,1.949267742183693,0.0,38.989,0.0,1000,0,0,0,0,1,Reliable,0.0,0.99998677,3MQY1YVHS3W1MHSVBDMV15361ZX2BW#3b510029-65fa-4089-a362-dae35d170df2#1A2XCIBSVHSLIKA,1000,Your Task
1229,7,30,2,2,4,0,0,11,11,0,0,0,0,4,0,71,0,37.259360315294835,0.2122176747006215,0.9095043201455209,0.0606336213430347,0.0606336213430347,0.1212672426860694,0.0,0.0,0.3334849173866909,0.3334849173866909,0.0,0.0,0.0,0.0,0.1212672426860694,0.0,2.152493557677732,0.0,32.985,0.0,1000,0,0,0,0,1,Reliable,0.0,0.9999871,3NI0WFPPI9SOKV8M0Z1971OZQ0206P#b17f8805-4618-4f8f-8e88-e45c89e5a0c7#1A2KQBRD41GMAKL,1000,Your Task
