mutation_count,mouse_move_count,mouse_interaction_count,mouse_up_count,mouse_down_count,click_count,context_menu_count,dbl_click_count,focus_count,blur_count,touch_start_count,touch_move_departed_count,touch_end_count,touch_cancel_count,scroll_count,viewport_resize_count,input_count,touch_count,mutation_per_second,mouse_move_per_second,mouse_interaction_per_second,mouse_up_per_second,mouse_down_per_second,click_per_second,context_menu_per_second,dbl_click_per_second,focus_per_second,blur_per_second,touch_start_per_second,touch_move_departed_per_second,touch_end_per_second,touch_cancel_per_second,scroll_per_second,viewport_resize_per_second,input_per_second,touch_per_second,active_s,inactivity_s,DatesReha,Amounts,Dates,Table,Your Task,Confidence,recording_id,step_id,workunit_id,class
3,0,8,1,1,1,0,1,2,2,0,0,0,0,0,0,0,0,5.319148936170214,0.0,14.184397163120568,1.773049645390071,1.773049645390071,1.773049645390071,0.0,1.773049645390071,3.546099290780142,3.546099290780142,0.0,0.0,0.0,0.0,0.0,0.0,0.0,0.0,564,0.0,0,1,0,0,0,0.541793,04571f85-3e2d-4b57-a0e5-8ffe995a5211#a14678b7-2328-400f-9bd1-15e56078551a#15e3ecf1a,1470,Amounts -  8/11,Reliable
11,0,19,2,2,2,0,1,6,6,0,0,0,0,0,0,0,0,15.536723163841808,0.0,26.8361581920904,2.824858757062147,2.824858757062147,2.824858757062147,0.0,1.4124293785310735,8.474576271186441,8.474576271186441,0.0,0.0,0.0,0.0,0.0,0.0,0.0,0.0,708,0.0,0,1,0,0,0,0.78878456,088a01b8-43b7-44d9-a28d-dcbb80fce953#56826b11-c911-4c2e-a5ae-7d3e4372d39d#18c664955,1470,Amounts -  9/11,Reliable
11,0,18,2,2,2,0,0,6,6,0,0,0,0,0,0,0,0,15.089163237311384,0.0,24.691358024691358,2.743484224965706,2.743484224965706,2.743484224965706,0.0,0.0,8.23045267489712,8.23045267489712,0.0,0.0,0.0,0.0,0.0,0.0,0.0,0.0,0.7290000000000001,0.0,0,1,0,0,0,0.7242677,088a01b8-43b7-44d9-a28d-dcbb80fce953#56826b11-c911-4c2e-a5ae-7d3e4372d39d#18c664955,1470,Amounts -  10/11,Reliable
9,1,18,2,2,2,0,0,6,6,0,0,0,0,0,0,0,0,12.587412587412588,1.3986013986013983,25.174825174825173,2.797202797202797,2.797202797202797,2.797202797202797,0.0,0.0,8.39160839160839,8.39160839160839,0.0,0.0,0.0,0.0,0.0,0.0,0.0,0.0,0.7150000000000001,0.0,0,1,0,0,0,0.70781076,088a01b8-43b7-44d9-a28d-dcbb80fce953#56826b11-c911-4c2e-a5ae-7d3e4372d39d#18c664955,1470,Amounts -  8/11,Reliable
13,0,18,2,2,2,0,0,6,6,0,0,0,0,0,0,0,0,16.774193548387096,0.0,23.225806451612904,2.5806451612903225,2.5806451612903225,2.5806451612903225,0.0,0.0,7.741935483870967,7.741935483870967,0.0,0.0,0.0,0.0,0.0,0.0,0.0,0.0,775,0.0,0,1,0,0,0,0.69873786,088a01b8-43b7-44d9-a28d-dcbb80fce953#56826b11-c911-4c2e-a5ae-7d3e4372d39d#18c664955,1470,Amounts -  7/11,Reliable
10,0,18,2,2,2,0,0,6,6,0,0,0,0,0,0,0,0,11.890606420927467,0.0,21.40309155766944,2.378121284185493,2.378121284185493,2.378121284185493,0.0,0.0,7.134363852556481,7.134363852556481,0.0,0.0,0.0,0.0,0.0,0.0,0.0,0.0,841,0.0,0,1,0,0,0,0.66379476,088a01b8-43b7-44d9-a28d-dcbb80fce953#56826b11-c911-4c2e-a5ae-7d3e4372d39d#18c664955,1470,Amounts -  6/11,Reliable
10,0,19,2,2,2,0,1,6,6,0,0,0,0,0,0,0,0,8.517887563884157,0.0,16.1839863713799,1.7035775127768311,1.7035775127768311,1.7035775127768311,0.0,0.8517887563884157,5.110732538330495,5.110732538330495,0.0,0.0,0.0,0.0,0.0,0.0,0.0,0.0,1.174,0.0,0,1,0,0,0,0.5780533,088a01b8-43b7-44d9-a28d-dcbb80fce953#56826b11-c911-4c2e-a5ae-7d3e4372d39d#18c664955,1470,Amounts -  4/11,Reliable
9,0,18,2,2,2,0,0,6,6,0,0,0,0,0,0,0,0,8.130081300813009,0.0,16.260162601626018,1.806684733514002,1.806684733514002,1.806684733514002,0.0,0.0,5.420054200542006,5.420054200542006,0.0,0.0,0.0,0.0,0.0,0.0,0.0,0.0,1.107,0.0,0,1,0,0,0,0.50801784,088a01b8-43b7-44d9-a28d-dcbb80fce953#56826b11-c911-4c2e-a5ae-7d3e4372d39d#18c664955,1470,Amounts -  5/11,Reliable
1,1,8,1,1,1,0,1,2,2,0,0,0,0,0,0,0,0,7.751937984496124,7.751937984496124,62.01550387596899,7.751937984496124,7.751937984496124,7.751937984496124,0.0,7.751937984496124,15.503875968992247,15.503875968992247,0.0,0.0,0.0,0.0,0.0,0.0,0.0,0.0,129,0.0,0,0,1,0,0,0.86154264,24c1eb16-aa6a-4709-96db-c7879a62a13e#56e5a8b0-bb38-4cf1-b651-3d1fead81956#13e586843,1470,Dates -  4/5,Unreliable
2,0,7,1,1,1,0,0,2,2,0,0,0,0,0,0,0,0,8.438818565400844,0.0,29.535864978902957,4.219409282700422,4.219409282700422,4.219409282700422,0.0,0.0,8.438818565400844,8.438818565400844,0.0,0.0,0.0,0.0,0.0,0.0,0.0,0.0,237,0.0,0,0,1,0,0,0.82351613,24c1eb16-aa6a-4709-96db-c7879a62a13e#56e5a8b0-bb38-4cf1-b651-3d1fead81956#13e586843,1470,Dates -  3/5,Unreliable
5,0,8,1,1,1,0,1,2,2,0,0,0,0,0,0,0,0,11.135857461024498,0.0,17.817371937639198,2.2271714922049,2.2271714922049,2.2271714922049,0.0,2.2271714922049,4.4543429844098,4.4543429844098,0.0,0.0,0.0,0.0,0.0,0.0,0.0,0.0,449,0.0,0,1,0,0,0,0.65372705,26572eae-5c5e-4e04-bf8f-d9918e421b90#37b4d9ed-48a6-4481-9edf-0e073fbf2530#1eb1bc72c,1470,Amounts -  4/11,Reliable
4,0,8,1,1,1,0,1,2,2,0,0,0,0,0,0,0,0,8.869179600886918,0.0,17.738359201773836,2.217294900221729,2.217294900221729,2.217294900221729,0.0,2.217294900221729,4.434589800443459,4.434589800443459,0.0,0.0,0.0,0.0,0.0,0.0,0.0,0.0,451,0.0,0,1,0,0,0,0.6520945,26572eae-5c5e-4e04-bf8f-d9918e421b90#37b4d9ed-48a6-4481-9edf-0e073fbf2530#1eb1bc72c,1470,Amounts -  8/11,Reliable
3,0,7,1,1,1,0,0,2,2,0,0,0,0,0,0,0,0,7.5,0.0,17.5,2.5,2.5,2.5,0.0,0.0,5.0,5.0,0.0,0.0,0.0,0.0,0.0,0.0,0.0,0.0,0.4,0.0,0,1,0,0,0,0.53302175,26572eae-5c5e-4e04-bf8f-d9918e421b90#37b4d9ed-48a6-4481-9edf-0e073fbf2530#1eb1bc72c,1470,Amounts -  5/11,Reliable
3,0,7,1,1,1,0,0,2,2,0,0,0,0,0,0,0,0,6.8807339449541285,0.0,16.05504587155963,2.293577981651376,2.293577981651376,2.293577981651376,0.0,0.0,4.587155963302752,4.587155963302752,0.0,0.0,0.0,0.0,0.0,0.0,0.0,0.0,436,0.0,0,1,0,0,0,0.47995493,26572eae-5c5e-4e04-bf8f-d9918e421b90#37b4d9ed-48a6-4481-9edf-0e073fbf2530#1eb1bc72c,1470,Amounts -  9/11,Reliable
1,0,8,1,1,1,0,1,2,2,0,0,0,0,0,0,0,0,5.649717514124294,0.0,45.19774011299435,5.649717514124294,5.649717514124294,5.649717514124294,0.0,5.649717514124294,11.299435028248588,11.299435028248588,0.0,0.0,0.0,0.0,0.0,0.0,0.0,0.0,177,0.0,0,0,1,0,0,0.8746115,291fb835-7608-4ac3-9380-8db97b64ac3b#b8da64ba-1c35-4098-b47c-cc179de642ba#13e586843,1470,Dates -  3/5,Unreliable
2,0,7,1,1,1,0,0,2,2,0,0,0,0,0,0,0,0,11.299435028248588,0.0,39.548022598870055,5.649717514124294,5.649717514124294,5.649717514124294,0.0,0.0,11.299435028248588,11.299435028248588,0.0,0.0,0.0,0.0,0.0,0.0,0.0,0.0,177,0.0,0,0,1,0,0,0.8714776,291fb835-7608-4ac3-9380-8db97b64ac3b#b8da64ba-1c35-4098-b47c-cc179de642ba#13e586843,1470,Dates -  2/5,Unreliable
2,0,7,1,1,1,0,0,2,2,0,0,0,0,0,0,0,0,10.6951871657754,0.0,37.4331550802139,5.347593582887701,5.347593582887701,5.347593582887701,0.0,0.0,10.6951871657754,10.6951871657754,0.0,0.0,0.0,0.0,0.0,0.0,0.0,0.0,187,0.0,0,0,1,0,0,0.8671397,291fb835-7608-4ac3-9380-8db97b64ac3b#b8da64ba-1c35-4098-b47c-cc179de642ba#13e586843,1470,Dates -  4/5,Unreliable
5,0,15,2,2,2,0,1,4,4,0,0,0,0,0,0,0,0,9.881422924901186,0.0,29.64426877470356,3.952569169960474,3.952569169960474,3.952569169960474,0.0,1.976284584980237,7.905138339920948,7.905138339920948,0.0,0.0,0.0,0.0,0.0,0.0,0.0,0.0,506,0.0,0,1,0,0,0,0.8290739,2c54d106-6ef2-41a5-8558-85bd4a133a3d#3310e8a5-e293-4b12-9ca7-e09c3c3baf73#19386eb9d,1470,Amounts -  4/11,Reliable
4,0,14,2,2,2,0,0,4,4,0,0,0,0,0,0,0,0,8.849557522123893,0.0,30.973451327433622,4.424778761061947,4.424778761061947,4.424778761061947,0.0,0.0,8.849557522123893,8.849557522123893,0.0,0.0,0.0,0.0,0.0,0.0,0.0,0.0,452,0.0,0,1,0,0,0,0.8256211,2c54d106-6ef2-41a5-8558-85bd4a133a3d#3310e8a5-e293-4b12-9ca7-e09c3c3baf73#19386eb9d,1470,Amounts -  7/11,Reliable
4,0,14,2,2,2,0,0,4,4,0,0,0,0,0,0,0,0,8.658008658008658,0.0,30.3030303030303,4.329004329004329,4.329004329004329,4.329004329004329,0.0,0.0,8.658008658008658,8.658008658008658,0.0,0.0,0.0,0.0,0.0,0.0,0.0,0.0,462,0.0,0,1,0,0,0,0.81917787,2c54d106-6ef2-41a5-8558-85bd4a133a3d#3310e8a5-e293-4b12-9ca7-e09c3c3baf73#19386eb9d,1470,Amounts -  5/11,Reliable
5,0,14,2,2,2,0,0,4,4,0,0,0,0,0,0,0,0,10.2880658436214,0.0,28.80658436213992,4.11522633744856,4.11522633744856,4.11522633744856,0.0,0.0,8.23045267489712,8.23045267489712,0.0,0.0,0.0,0.0,0.0,0.0,0.0,0.0,486,0.0,0,1,0,0,0,0.8002494,2c54d106-6ef2-41a5-8558-85bd4a133a3d#3310e8a5-e293-4b12-9ca7-e09c3c3baf73#19386eb9d,1470,Amounts -  8/11,Reliable
4,0,14,2,2,2,0,0,4,4,0,0,0,0,0,0,0,0,7.561436672967863,0.0,26.465028355387524,3.780718336483932,3.780718336483932,3.780718336483932,0.0,0.0,7.561436672967863,7.561436672967863,0.0,0.0,0.0,0.0,0.0,0.0,0.0,0.0,529,0.0,0,1,0,0,0,0.76790273,2c54d106-6ef2-41a5-8558-85bd4a133a3d#3310e8a5-e293-4b12-9ca7-e09c3c3baf73#19386eb9d,1470,Amounts -  9/11,Reliable
5,0,14,2,2,2,0,0,4,4,0,0,0,0,0,0,0,0,9.157509157509155,0.0,25.64102564102564,3.663003663003663,3.663003663003663,3.663003663003663,0.0,0.0,7.326007326007326,7.326007326007326,0.0,0.0,0.0,0.0,0.0,0.0,0.0,0.0,546,0.0,0,1,0,0,0,0.75548637,2c54d106-6ef2-41a5-8558-85bd4a133a3d#3310e8a5-e293-4b12-9ca7-e09c3c3baf73#19386eb9d,1470,Amounts -  6/11,Reliable
4,0,7,1,1,1,0,0,2,2,0,0,0,0,0,0,0,0,9.433962264150944,0.0,16.50943396226415,2.358490566037736,2.358490566037736,2.358490566037736,0.0,0.0,4.716981132075472,4.716981132075472,0.0,0.0,0.0,0.0,0.0,0.0,0.0,0.0,424,0.0,0,1,0,0,0,0.49657977,2c54d106-6ef2-41a5-8558-85bd4a133a3d#3310e8a5-e293-4b12-9ca7-e09c3c3baf73#19386eb9d,1470,Amounts -  10/11,Reliable
4,0,15,2,2,2,0,1,4,4,0,0,0,0,0,0,0,0,8.097165991902834,0.0,30.36437246963563,4.048582995951417,4.048582995951417,4.048582995951417,0.0,2.0242914979757085,8.097165991902834,8.097165991902834,0.0,0.0,0.0,0.0,0.0,0.0,0.0,0.0,494,0.0,0,1,0,0,0,0.8359674,306de58b-7d26-4d02-b53a-051e1d3d5273#2cb39a81-bff2-4c1a-9c34-a5c02dbdec51#16b272f65,1470,Amounts -  2/11,Reliable
5,1,14,2,2,2,0,0,4,4,0,0,0,0,0,0,0,0,11.627906976744184,2.3255813953488373,32.55813953488372,4.651162790697675,4.651162790697675,4.651162790697675,0.0,0.0,9.30232558139535,9.30232558139535,0.0,0.0,0.0,0.0,0.0,0.0,0.0,0.0,0.43,0.0,0,1,0,0,0,0.8200813,306de58b-7d26-4d02-b53a-051e1d3d5273#2cb39a81-bff2-4c1a-9c34-a5c02dbdec51#16b272f65,1470,Amounts -  9/11,Reliable
4,1,15,2,2,2,0,1,4,4,0,0,0,0,0,0,0,0,7.104795737122559,1.7761989342806397,26.6429840142096,3.55239786856128,3.55239786856128,3.55239786856128,0.0,1.7761989342806397,7.104795737122559,7.104795737122559,0.0,0.0,0.0,0.0,0.0,0.0,0.0,0.0,563,0.0,0,1,0,0,0,0.78736997,306de58b-7d26-4d02-b53a-051e1d3d5273#2cb39a81-bff2-4c1a-9c34-a5c02dbdec51#16b272f65,1470,Amounts -  8/11,Reliable
3,1,8,1,1,1,0,1,2,2,0,0,0,0,0,0,0,0,6.396588486140725,2.1321961620469083,17.057569296375267,2.1321961620469083,2.1321961620469083,2.1321961620469083,0.0,2.1321961620469083,4.264392324093817,4.264392324093817,0.0,0.0,0.0,0.0,0.0,0.0,0.0,0.0,469,0.0,0,1,0,0,0,0.59729266,306de58b-7d26-4d02-b53a-051e1d3d5273#2cb39a81-bff2-4c1a-9c34-a5c02dbdec51#16b272f65,1470,Amounts -  6/11,Reliable
5,0,8,1,1,1,0,1,2,2,0,0,0,0,0,0,0,0,9.140767824497257,0.0,14.62522851919561,1.8281535648994516,1.8281535648994516,1.8281535648994516,0.0,1.8281535648994516,3.656307129798903,3.656307129798903,0.0,0.0,0.0,0.0,0.0,0.0,0.0,0.0,547,0.0,0,1,0,0,0,0.5585256,33CLA8O0MIN83ILWV5NSL32YOPMRFT#95a64adc-4e61-4eee-b4c7-4e911cff3b72#1AJRCRDPKD4TL4,1468,Amounts -  3/11,Reliable
6,0,13,2,2,1,0,0,4,4,0,0,0,0,0,0,0,0,10.619469026548671,0.0,23.00884955752213,3.5398230088495577,3.5398230088495577,1.7699115044247788,0.0,0.0,7.079646017699115,7.079646017699115,0.0,0.0,0.0,0.0,0.0,0.0,0.0,0.0,565,0.0,0,0,0,1,0,0.73143315,34F34TZU7WB740Q7Z5ZCZTMI54R2JW#fddf9e47-afde-4b9b-8471-894ca3c8dabf#1A1ELWYY4QPMO4H,1468,Table -  4/7,Reliable
1,0,7,1,1,1,0,0,2,2,0,0,0,0,0,0,0,0,4.694835680751174,0.0,32.863849765258216,4.694835680751174,4.694835680751174,4.694835680751174,0.0,0.0,9.389671361502348,9.389671361502348,0.0,0.0,0.0,0.0,0.0,0.0,0.0,0.0,213,0.0,0,0,1,0,0,0.85012037,374UMBUHN51EGLEE8S2MDCIDFYITCQ#fdffb153-e302-40d4-b3cd-0ea1edc41098#1A26V8QMPU25JGC,1469,Dates -  2/5,Reliable
8,0,14,2,2,2,0,0,4,4,0,0,0,0,0,0,0,0,8.849557522123893,0.0,15.486725663716811,2.2123893805309733,2.2123893805309733,2.2123893805309733,0.0,0.0,4.424778761061947,4.424778761061947,0.0,0.0,0.0,0.0,0.0,0.0,0.0,0.0,904,0.0,0,0,0,1,0,0.48043102,39KV3A5D18J7P463SBPLNLUDC3S7SZ#e83325c2-d175-4937-aee2-7a44a21840cc#1AJ91Y71JCKQ8O,1468,Table -  2/7,Reliable
20,0,7,1,1,1,0,0,2,2,0,0,0,0,0,0,0,0,73.52941176470581,0.0,25.73529411764704,3.676470588235291,3.676470588235291,3.676470588235291,0.0,0.0,7.352941176470582,7.352941176470582,0.0,0.0,0.0,0.0,0.0,0.0,0.0,0.0,0.2720000000000002,15.373,0,1,0,0,0,0.75366795,39WSF6KUV2XD0RTK82MI9QCT11TEOV#86671ba6-0f24-4f6b-9923-2489e56f1ae0#1A1MZXILA66B2U3,1468,Amounts -  4/11,Reliable
4,1,8,1,1,1,0,1,2,2,0,0,0,0,0,0,0,0,13.245033112582782,3.3112582781456954,26.490066225165563,3.3112582781456954,3.3112582781456954,3.3112582781456954,0.0,3.3112582781456954,6.622516556291391,6.622516556291391,0.0,0.0,0.0,0.0,0.0,0.0,0.0,0.0,302,0.0,0,0,0,1,0,0.7470927,3IH9TRB0FBB4K4O5YJEYI9XD0KX1ID#3cb5a00e-aa3d-4c57-83e8-83be29bfb3b9#1A2WAR6J3IYD6LK,1468,Table -  4/7,Reliable
3,0,7,1,1,1,0,0,2,2,0,0,0,0,0,0,0,0,10.16949152542373,0.0,23.728813559322035,3.389830508474577,3.389830508474577,3.389830508474577,0.0,0.0,6.779661016949153,6.779661016949153,0.0,0.0,0.0,0.0,0.0,0.0,0.0,0.0,295,0.0,0,0,0,1,0,0.7307268,3IH9TRB0FBB4K4O5YJEYI9XD0KX1ID#3cb5a00e-aa3d-4c57-83e8-83be29bfb3b9#1A2WAR6J3IYD6LK,1468,Table -  5/7,Reliable
5,0,7,1,1,1,0,0,2,2,0,0,0,0,0,0,0,0,13.477088948787062,0.0,18.867924528301888,2.6954177897574123,2.6954177897574123,2.6954177897574123,0.0,0.0,5.390835579514825,5.390835579514825,0.0,0.0,0.0,0.0,0.0,0.0,0.0,0.0,371,0.0,0,0,0,1,0,0.621783,3IH9TRB0FBB4K4O5YJEYI9XD0KX1ID#3cb5a00e-aa3d-4c57-83e8-83be29bfb3b9#1A2WAR6J3IYD6LK,1468,Table -  3/7,Reliable
69,5,35,7,7,2,1,0,9,9,0,0,0,0,3,0,33,0,7.555020256213731,0.5474652359575167,3.832256651702617,0.7664513303405235,0.7664513303405235,0.2189860943830067,0.1094930471915033,0.0,0.98543742472353,0.98543742472353,0.0,0.0,0.0,0.0,0.32847914157451,0.0,3.6132705573196096,0.0,9.133,0.0,0,0,1,0,0,0.45538762,3J9UN9O9J3408QNTKIVYG5T387GJ04#f5c6c267-3a57-4fd7-a70e-e9262bf23943#1AGAKUPDVO5SH5,1468,Dates -  5/5,Reliable
5,0,15,2,2,2,0,1,4,4,0,0,0,0,0,0,0,0,9.041591320072332,0.0,27.124773960216995,3.6166365280289328,3.6166365280289328,3.6166365280289328,0.0,1.8083182640144664,7.2332730560578655,7.2332730560578655,0.0,0.0,0.0,0.0,0.0,0.0,0.0,0.0,553,0.0,0,1,0,0,0,0.8036045,3K3IX1W4S63SVEO97XXB27RSQRRAPD#2dba75c5-a625-4a9f-b936-90bd346ae76d#1A219EH0XANXSW3,1468,Amounts -  8/11,Reliable
7,0,15,2,2,2,0,1,4,4,0,0,0,0,0,0,0,0,8.641975308641975,0.0,18.51851851851852,2.469135802469136,2.469135802469136,2.469135802469136,0.0,1.2345679012345678,4.938271604938271,4.938271604938271,0.0,0.0,0.0,0.0,0.0,0.0,0.0,0.0,0.81,0.0,0,1,0,0,0,0.6566754,3K3IX1W4S63SVEO97XXB27RSQRRAPD#2dba75c5-a625-4a9f-b936-90bd346ae76d#1A219EH0XANXSW3,1468,Amounts -  2/11,Reliable
3,0,8,1,1,1,0,1,2,2,0,0,0,0,0,0,0,0,8.90207715133531,0.0,23.73887240356083,2.967359050445104,2.967359050445104,2.967359050445104,0.0,2.967359050445104,5.934718100890208,5.934718100890208,0.0,0.0,0.0,0.0,0.0,0.0,0.0,0.0,337,0.0,0,1,0,0,0,0.7628269,3N2YPY1GI6A8QB2H9E8W4I61XUMEVT#05ae8407-9c09-454b-a596-b40a11de655c#1A1L6LWY2Y5ZHU2,1468,Amounts -  5/11,Reliable
4,0,7,1,1,1,0,0,2,2,0,0,0,0,0,0,0,0,13.698630136986305,0.0,23.972602739726028,3.424657534246576,3.424657534246576,3.424657534246576,0.0,0.0,6.849315068493151,6.849315068493151,0.0,0.0,0.0,0.0,0.0,0.0,0.0,0.0,292,0.0,0,1,0,0,0,0.72746146,3N2YPY1GI6A8QB2H9E8W4I61XUMEVT#05ae8407-9c09-454b-a596-b40a11de655c#1A1L6LWY2Y5ZHU2,1468,Amounts -  6/11,Reliable
4,1,13,2,2,1,0,0,4,4,0,0,0,0,0,0,0,0,7.677543186180422,1.919385796545105,24.95201535508637,3.838771593090211,3.838771593090211,1.919385796545105,0.0,0.0,7.677543186180422,7.677543186180422,0.0,0.0,0.0,0.0,0.0,0.0,0.0,0.0,521,0.0,0,1,0,0,0,0.7268575,3N2YPY1GI6A8QB2H9E8W4I61XUMEVT#05ae8407-9c09-454b-a596-b40a11de655c#1A1L6LWY2Y5ZHU2,1468,Amounts -  8/11,Reliable
3,0,7,1,1,1,0,0,2,2,0,0,0,0,0,0,0,0,10.135135135135137,0.0,23.64864864864865,3.3783783783783785,3.3783783783783785,3.3783783783783785,0.0,0.0,6.756756756756757,6.756756756756757,0.0,0.0,0.0,0.0,0.0,0.0,0.0,0.0,296,0.0,0,1,0,0,0,0.7216199,3N2YPY1GI6A8QB2H9E8W4I61XUMEVT#05ae8407-9c09-454b-a596-b40a11de655c#1A1L6LWY2Y5ZHU2,1468,Amounts -  7/11,Reliable
3,0,7,1,1,1,0,0,2,2,0,0,0,0,0,0,0,0,7.915567282321899,0.0,18.46965699208443,2.638522427440633,2.638522427440633,2.638522427440633,0.0,0.0,5.277044854881266,5.277044854881266,0.0,0.0,0.0,0.0,0.0,0.0,0.0,0.0,379,0.0,0,1,0,0,0,0.5678509,3N2YPY1GI6A8QB2H9E8W4I61XUMEVT#05ae8407-9c09-454b-a596-b40a11de655c#1A1L6LWY2Y5ZHU2,1468,Amounts -  4/11,Reliable
5,0,15,2,2,2,0,1,4,4,0,0,0,0,0,0,0,0,8.223684210526317,0.0,24.67105263157895,3.2894736842105265,3.2894736842105265,3.2894736842105265,0.0,1.6447368421052633,6.578947368421053,6.578947368421053,0.0,0.0,0.0,0.0,0.0,0.0,0.0,0.0,608,0.0,0,1,0,0,0,0.7755649,3OKP4QVBP29MI1VA4E7O8YD0P1OAGV#81ce2ca2-cb76-466b-af6a-161b2ec55641#1A1BUYK6LXYWMLL,1468,Amounts -  7/11,Reliable
5,0,15,2,2,2,0,1,4,4,0,0,0,0,0,0,0,0,4.911591355599214,0.0,14.734774066797645,1.9646365422396856,1.9646365422396856,1.9646365422396856,0.0,0.9823182711198428,3.9292730844793713,3.9292730844793713,0.0,0.0,0.0,0.0,0.0,0.0,0.0,0.0,1.018,0.0,0,1,0,0,0,0.51101977,3P0I4CQYVYJ7HRFBT2GOVWJT850WOV#d2b109b6-fe4c-4ee7-b379-c74552d53d66#1A2JQCXQGY1KP44,1468,Amounts -  10/11,Reliable
5,0,15,2,2,2,0,1,4,4,0,0,0,0,0,0,0,0,4.646840148698884,0.0,13.940520446096654,1.858736059479554,1.858736059479554,1.858736059479554,0.0,0.929368029739777,3.717472118959108,3.717472118959108,0.0,0.0,0.0,0.0,0.0,0.0,0.0,0.0,1.076,0.0,0,1,0,0,0,0.4742558,3P458N04Q1T8ZKVWG9EDQ2UXG3F2XV#c5cb2eb5-5159-4d6f-8233-fb86620249b7#1A355746JNUCIXZ,1468,Amounts -  4/11,Reliable
5,0,15,2,2,2,0,1,4,4,0,0,0,0,0,0,0,0,14.749262536873156,0.0,44.24778761061947,5.899705014749262,5.899705014749262,5.899705014749262,0.0,2.949852507374631,11.799410029498524,11.799410029498524,0.0,0.0,0.0,0.0,0.0,0.0,0.0,0.0,339,0.0,0,1,0,0,0,0.88236374,3SZYX62S5GC6J28SGFCDUAKLYJG75T#2e617654-71af-431d-ad56-addfc54fd847#1A8LBBPY53A3O3,1468,Amounts -  4/11,Reliable
4,0,14,2,2,2,0,0,4,4,0,0,0,0,0,0,0,0,11.661807580174926,0.0,40.81632653061224,5.830903790087463,5.830903790087463,5.830903790087463,0.0,0.0,11.661807580174926,11.661807580174926,0.0,0.0,0.0,0.0,0.0,0.0,0.0,0.0,343,0.0,0,1,0,0,0,0.85866266,3SZYX62S5GC6J28SGFCDUAKLYJG75T#2e617654-71af-431d-ad56-addfc54fd847#1A8LBBPY53A3O3,1468,Amounts -  5/11,Reliable
10,1,29,4,4,4,0,1,8,8,0,0,0,0,0,0,0,0,10.351966873706004,1.0351966873706004,30.020703933747413,4.140786749482402,4.140786749482402,4.140786749482402,0.0,1.0351966873706004,8.281573498964804,8.281573498964804,0.0,0.0,0.0,0.0,0.0,0.0,0.0,0.0,966,0.0,0,1,0,0,0,0.8209893,3SZYX62S5GC6J28SGFCDUAKLYJG75T#2e617654-71af-431d-ad56-addfc54fd847#1A8LBBPY53A3O3,1468,Amounts -  7/11,Reliable
9,1,23,4,4,3,0,0,6,6,0,0,0,0,0,0,0,0,7.047768206734533,0.783085356303837,18.010963194988253,3.132341425215348,3.132341425215348,2.349256068911511,0.0,0.0,4.698512137823022,4.698512137823022,0.0,0.0,0.0,0.0,0.0,0.0,0.0,0.0,1.277,0.0,0,1,0,0,0,0.5068298,3SZYX62S5GC6J28SGFCDUAKLYJG75T#2e617654-71af-431d-ad56-addfc54fd847#1A8LBBPY53A3O3,1468,Amounts -  6/11,Reliable
3,0,7,1,1,1,0,0,2,2,0,0,0,0,0,0,0,0,6.849315068493151,0.0,15.981735159817353,2.2831050228310503,2.2831050228310503,2.2831050228310503,0.0,0.0,4.566210045662101,4.566210045662101,0.0,0.0,0.0,0.0,0.0,0.0,0.0,0.0,438,0.0,0,1,0,0,0,0.4772613,3SZYX62S5GC6J28SGFCDUAKLYJG75T#2e617654-71af-431d-ad56-addfc54fd847#1A8LBBPY53A3O3,1468,Amounts -  3/11,Reliable
31,2,37,2,3,1,1,0,15,15,0,0,0,0,4,0,15,0,4.186360567184335,0.2700877785280215,4.996623902768399,0.2700877785280215,0.4051316677920324,0.1350438892640107,0.1350438892640107,0.0,2.025658338960162,2.025658338960162,0.0,0.0,0.0,0.0,0.5401755570560431,0.0,2.025658338960162,0.0,7.405,0.0,0,0,1,0,0,0.45868227,3VEI3XUCZR9KUVAQ98JXXXG2QWSRPH#25c8b3c2-bbfe-4f34-a001-dca52b447102#1AFUE61NJ28R5A,1469,Dates -  4/5,Reliable
74,9,38,5,6,4,1,0,11,11,0,0,0,0,0,0,31,0,7.106501488523961,0.8643042350907519,3.649284548160952,0.4801690194948622,0.5762028233938347,0.3841352155958897,0.0960338038989724,0.0,1.0563718428886968,1.0563718428886968,0.0,0.0,0.0,0.0,0.0,0.0,2.977047920868145,0.0,10.413,0.0,0,0,1,0,0,0.43976855,3XBXDSS888VE06H4QFWI5YT6M2TLXO#a1329dcd-f94c-4780-9de0-048ada08e3a8#1A3PND2XNVWO4JF,1468,Dates -  3/5,Reliable
3,0,8,1,1,1,0,1,2,2,0,0,0,0,0,0,0,0,6.944444444444445,0.0,18.51851851851852,2.314814814814815,2.314814814814815,2.314814814814815,0.0,2.314814814814815,4.62962962962963,4.62962962962963,0.0,0.0,0.0,0.0,0.0,0.0,0.0,0.0,432,0.0,0,1,0,0,0,0.67062587,44bc88b3-a26d-448f-9ed1-fbe3d3b86693#93b41c4a-4ebf-4d76-9345-6b11b262214d#1dd1c1365,1470,Amounts -  5/11,Reliable
3,0,7,1,1,1,0,0,2,2,0,0,0,0,0,0,0,0,7.042253521126761,0.0,16.431924882629108,2.347417840375587,2.347417840375587,2.347417840375587,0.0,0.0,4.694835680751174,4.694835680751174,0.0,0.0,0.0,0.0,0.0,0.0,0.0,0.0,426,0.0,0,1,0,0,0,0.49381244,44bc88b3-a26d-448f-9ed1-fbe3d3b86693#93b41c4a-4ebf-4d76-9345-6b11b262214d#1dd1c1365,1470,Amounts -  8/11,Reliable
4,0,7,1,1,1,0,0,2,2,0,0,0,0,0,0,0,0,9.1324200913242,0.0,15.981735159817353,2.2831050228310503,2.2831050228310503,2.2831050228310503,0.0,0.0,4.566210045662101,4.566210045662101,0.0,0.0,0.0,0.0,0.0,0.0,0.0,0.0,438,0.0,0,1,0,0,0,0.47718138,44bc88b3-a26d-448f-9ed1-fbe3d3b86693#93b41c4a-4ebf-4d76-9345-6b11b262214d#1dd1c1365,1470,Amounts -  7/11,Reliable
4,0,7,1,1,1,0,0,2,2,0,0,0,0,0,0,5,0,11.730205278592374,0.0,20.527859237536656,2.932551319648093,2.932551319648093,2.932551319648093,0.0,0.0,5.865102639296187,5.865102639296187,0.0,0.0,0.0,0.0,0.0,0.0,14.662756598240469,0.0,341,0.0,0,0,0,1,0,0.51529413,45889c15-36f3-4434-b35f-24badfcdd21d#8825aa69-9c8f-4b30-82f2-e0e5c8f7173f#1169f344d,1470,Table -  3/7,Reliable
6,1,23,3,3,3,0,2,6,6,0,0,0,0,0,0,0,0,10.94890510948905,1.824817518248175,41.97080291970803,5.474452554744525,5.474452554744525,5.474452554744525,0.0,3.64963503649635,10.94890510948905,10.94890510948905,0.0,0.0,0.0,0.0,0.0,0.0,0.0,0.0,548,0.0,0,0,1,0,0,0.8746032,5307eda6-8048-4364-babb-d4c1c02a6aea#bb034ab4-8db4-4cae-b579-494ea27c0f8f#13e586843,1470,Dates -  3/5,Unreliable
5,1,21,3,3,3,0,0,6,6,0,0,0,0,0,0,0,0,8.849557522123893,1.7699115044247786,37.16814159292035,5.309734513274336,5.309734513274336,5.309734513274336,0.0,0.0,10.619469026548671,10.619469026548671,0.0,0.0,0.0,0.0,0.0,0.0,0.0,0.0,0.5650000000000001,0.0,0,0,1,0,0,0.86359394,5307eda6-8048-4364-babb-d4c1c02a6aea#bb034ab4-8db4-4cae-b579-494ea27c0f8f#13e586843,1470,Dates -  4/5,Unreliable
10,3,22,3,3,3,0,1,6,6,0,0,0,0,0,0,0,0,6.34920634920635,1.9047619047619049,13.968253968253968,1.9047619047619049,1.9047619047619049,1.9047619047619049,0.0,0.6349206349206349,3.8095238095238098,3.8095238095238098,0.0,0.0,0.0,0.0,0.0,0.0,0.0,0.0,1.575,0.0,0,0,1,0,0,0.4851538,5307eda6-8048-4364-babb-d4c1c02a6aea#bb034ab4-8db4-4cae-b579-494ea27c0f8f#13e586843,1470,Dates -  2/5,Unreliable
7,0,13,2,2,1,0,0,4,4,0,0,0,0,0,0,0,0,14.989293361884368,0.0,27.837259100642395,4.282655246252676,4.282655246252676,2.141327623126338,0.0,0.0,8.565310492505352,8.565310492505352,0.0,0.0,0.0,0.0,0.0,0.0,0.0,0.0,467,0.0,0,0,0,1,0,0.79919213,59965fe4-bf40-4930-b09b-85dfb872694b#30e898db-b94a-4060-97e4-fa18511a433e#126bc7fcf,1470,Table -  6/7,Reliable
4,0,14,2,2,2,0,0,4,4,0,0,0,0,0,0,0,0,10.638297872340424,0.0,37.234042553191486,5.319148936170213,5.319148936170213,5.319148936170213,0.0,0.0,10.638297872340424,10.638297872340424,0.0,0.0,0.0,0.0,0.0,0.0,0.0,0.0,376,0.0,0,1,0,0,0,0.85004485,62c4270b-12dc-45ac-af18-cc8184beacfe#87f0154c-c1f1-467a-a172-f9107adda1ad#13fbad998,1470,Amounts -  5/11,Reliable
4,1,13,2,2,1,0,0,4,4,0,0,0,0,0,0,0,0,9.049773755656108,2.262443438914027,29.41176470588235,4.524886877828054,4.524886877828054,2.262443438914027,0.0,0.0,9.049773755656108,9.049773755656108,0.0,0.0,0.0,0.0,0.0,0.0,0.0,0.0,442,0.0,0,1,0,0,0,0.7974885,62c4270b-12dc-45ac-af18-cc8184beacfe#87f0154c-c1f1-467a-a172-f9107adda1ad#13fbad998,1470,Amounts -  4/11,Reliable
5,1,14,2,2,2,0,0,4,4,0,0,0,0,0,0,0,0,10.330578512396697,2.066115702479339,28.925619834710744,4.132231404958678,4.132231404958678,4.132231404958678,0.0,0.0,8.264462809917356,8.264462809917356,0.0,0.0,0.0,0.0,0.0,0.0,0.0,0.0,484,0.0,0,1,0,0,0,0.7718186,62c4270b-12dc-45ac-af18-cc8184beacfe#87f0154c-c1f1-467a-a172-f9107adda1ad#13fbad998,1470,Amounts -  3/11,Reliable
11,0,28,4,4,4,0,0,8,8,0,0,0,0,0,0,0,0,8.533747090768037,0.0,21.722265321955,3.103180760279286,3.103180760279286,3.103180760279286,0.0,0.0,6.206361520558572,6.206361520558572,0.0,0.0,0.0,0.0,0.0,0.0,0.0,0.0,1.289,0.0,0,1,0,0,0,0.6725939,62c4270b-12dc-45ac-af18-cc8184beacfe#87f0154c-c1f1-467a-a172-f9107adda1ad#13fbad998,1470,Amounts -  7/11,Reliable
5,1,13,2,2,1,0,0,4,4,0,0,0,0,0,0,0,0,7.78816199376947,1.557632398753894,20.24922118380062,3.115264797507788,3.115264797507788,1.557632398753894,0.0,0.0,6.230529595015576,6.230529595015576,0.0,0.0,0.0,0.0,0.0,0.0,0.0,0.0,642,0.0,0,1,0,0,0,0.6053498,62c4270b-12dc-45ac-af18-cc8184beacfe#87f0154c-c1f1-467a-a172-f9107adda1ad#13fbad998,1470,Amounts -  2/11,Reliable
8,0,15,2,2,2,0,1,4,4,0,0,0,0,0,0,0,0,9.913258983890954,0.0,18.587360594795538,2.4783147459727384,2.4783147459727384,2.4783147459727384,0.0,1.2391573729863692,4.956629491945477,4.956629491945477,0.0,0.0,0.0,0.0,0.0,0.0,0.0,0.0,807,0.0,0,0,0,1,0,0.65918785,72d78d7a-3fb4-4898-826c-15a589d0d979#11f408d0-fd3a-419a-9aa2-72f1cff5ed0c#1bcaa15f9,1470,Table -  3/7,Reliable
1,0,7,1,1,1,0,0,2,2,0,0,0,0,0,0,0,0,7.575757575757575,0.0,53.03030303030303,7.575757575757575,7.575757575757575,7.575757575757575,0.0,0.0,15.15151515151515,15.15151515151515,0.0,0.0,0.0,0.0,0.0,0.0,0.0,0.0,132,0.0,0,0,1,0,0,0.8842011,75facad5-e0b1-47fb-8a58-16504feb1530#1b504ad8-7787-4fa8-a5f6-63ae0401f32d#13e586843,1470,Dates -  4/5,Unreliable
2,0,8,1,1,1,0,1,2,2,0,0,0,0,0,0,0,0,10.256410256410255,0.0,41.02564102564102,5.128205128205128,5.128205128205128,5.128205128205128,0.0,5.128205128205128,10.256410256410255,10.256410256410255,0.0,0.0,0.0,0.0,0.0,0.0,0.0,0.0,195,0.0,0,0,1,0,0,0.86799407,75facad5-e0b1-47fb-8a58-16504feb1530#1b504ad8-7787-4fa8-a5f6-63ae0401f32d#13e586843,1470,Dates -  3/5,Unreliable
2,0,7,1,1,1,0,0,2,2,0,0,0,0,0,0,0,0,11.76470588235294,0.0,41.17647058823529,5.88235294117647,5.88235294117647,5.88235294117647,0.0,0.0,11.76470588235294,11.76470588235294,0.0,0.0,0.0,0.0,0.0,0.0,0.0,0.0,0.17,0.0,0,0,1,0,0,0.8747202,75facad5-e0b1-47fb-8a58-16504feb1530#1b504ad8-7787-4fa8-a5f6-63ae0401f32d#13e58684375facad5-e0b1-47fb-8a58-16504feb1530,1470,Dates -  2/5,Unreliable
7,0,20,4,4,3,0,1,4,4,0,0,0,0,0,0,0,0,7.543103448275862,0.0,21.551724137931032,4.310344827586206,4.310344827586206,3.232758620689655,0.0,1.0775862068965516,4.310344827586206,4.310344827586206,0.0,0.0,0.0,0.0,0.0,0.0,0.0,0.0,928,0.0,0,0,0,1,0,0.6768149,7b9b64d9-bba1-45ab-82bf-154c7e8591f3#2f6899e2-cbd4-4ae8-ae83-cfed1137984a#1f1ac08dc,1470,Table -  5/7,Reliable
4,0,7,1,1,1,0,0,2,2,0,0,0,0,0,0,0,0,10.723860589812332,0.0,18.766756032171585,2.680965147453083,2.680965147453083,2.680965147453083,0.0,0.0,5.361930294906166,5.361930294906166,0.0,0.0,0.0,0.0,0.0,0.0,0.0,0.0,373,0.0,0,0,0,1,0,0.6182914,8049d991-9191-49d5-8b10-11b3930b3267#4578dfb2-875b-410a-b714-12a47c676236#14ced61f3,1470,Table -  5/7,Reliable
7,2,14,2,2,1,0,1,4,4,0,0,0,0,0,0,0,0,8.158508158508159,2.331002331002331,16.317016317016318,2.331002331002331,2.331002331002331,1.1655011655011656,0.0,1.1655011655011656,4.662004662004662,4.662004662004662,0.0,0.0,0.0,0.0,0.0,0.0,0.0,0.0,858,0.0,0,0,0,1,0,0.46894136,8049d991-9191-49d5-8b10-11b3930b3267#4578dfb2-875b-410a-b714-12a47c676236#14ced61f3,1470,Table -  6/7,Reliable
5,0,7,1,1,1,0,0,2,2,0,0,0,0,0,0,0,0,14.00560224089636,0.0,19.607843137254903,2.801120448179272,2.801120448179272,2.801120448179272,0.0,0.0,5.602240896358544,5.602240896358544,0.0,0.0,0.0,0.0,0.0,0.0,0.0,0.0,357,0.0,0,0,0,1,0,0.6426195,85bda36d-2e52-42db-ab68-62d1a67b1de3#f510673e-5901-4bc0-af75-fcc1920b1af4#19386eb9d,1470,Table -  5/7,Reliable
7,0,8,1,1,1,0,1,2,2,0,0,0,0,0,0,0,0,14.17004048582996,0.0,16.194331983805668,2.0242914979757085,2.0242914979757085,2.0242914979757085,0.0,2.0242914979757085,4.048582995951417,4.048582995951417,0.0,0.0,0.0,0.0,0.0,0.0,0.0,0.0,494,0.0,0,0,0,1,0,0.59550035,85bda36d-2e52-42db-ab68-62d1a67b1de3#f510673e-5901-4bc0-af75-fcc1920b1af4#19386eb9d,1470,Table -  6/7,Reliable
4,1,15,2,2,2,0,1,4,4,0,0,0,0,0,0,0,0,9.852216748768472,2.463054187192118,36.94581280788177,4.926108374384236,4.926108374384236,4.926108374384236,0.0,2.463054187192118,9.852216748768472,9.852216748768472,0.0,0.0,0.0,0.0,0.0,0.0,0.0,0.0,406,0.0,0,1,0,0,0,0.8659284,950c93e3-27e1-4a95-9d7f-b1f719ae94c4#05de4a55-0a27-4c30-9d11-22743eaf1a41#17181b8c4,1470,Amounts -  3/11,Reliable
4,1,15,2,2,2,0,1,4,4,0,0,0,0,0,0,0,0,9.7799511002445,2.444987775061125,36.67481662591688,4.88997555012225,4.88997555012225,4.88997555012225,0.0,2.444987775061125,9.7799511002445,9.7799511002445,0.0,0.0,0.0,0.0,0.0,0.0,0.0,0.0,409,0.0,0,1,0,0,0,0.86486024,950c93e3-27e1-4a95-9d7f-b1f719ae94c4#05de4a55-0a27-4c30-9d11-22743eaf1a41#17181b8c4,1470,Amounts -  5/11,Reliable
5,0,14,2,2,2,0,0,4,4,0,0,0,0,0,0,0,0,13.333333333333334,0.0,37.333333333333336,5.333333333333333,5.333333333333333,5.333333333333333,0.0,0.0,10.666666666666666,10.666666666666666,0.0,0.0,0.0,0.0,0.0,0.0,0.0,0.0,375,0.0,0,1,0,0,0,0.85024095,950c93e3-27e1-4a95-9d7f-b1f719ae94c4#05de4a55-0a27-4c30-9d11-22743eaf1a41#17181b8c4,1470,Amounts -  2/11,Reliable
5,1,14,2,2,2,0,0,4,4,0,0,0,0,0,0,0,0,12.658227848101266,2.531645569620253,35.44303797468354,5.063291139240506,5.063291139240506,5.063291139240506,0.0,0.0,10.126582278481012,10.126582278481012,0.0,0.0,0.0,0.0,0.0,0.0,0.0,0.0,395,0.0,0,1,0,0,0,0.83732116,950c93e3-27e1-4a95-9d7f-b1f719ae94c4#05de4a55-0a27-4c30-9d11-22743eaf1a41#17181b8c4,1470,Amounts -  4/11,Reliable
4,1,14,2,2,2,0,0,4,4,0,0,0,0,0,0,0,0,9.66183574879227,2.415458937198068,33.81642512077295,4.830917874396135,4.830917874396135,4.830917874396135,0.0,0.0,9.66183574879227,9.66183574879227,0.0,0.0,0.0,0.0,0.0,0.0,0.0,0.0,414,0.0,0,1,0,0,0,0.8281044,950c93e3-27e1-4a95-9d7f-b1f719ae94c4#05de4a55-0a27-4c30-9d11-22743eaf1a41#17181b8c4,1470,Amounts -  6/11,Reliable
8,0,16,2,2,2,0,0,5,5,0,0,0,0,0,0,0,0,12.861736334405144,0.0,25.723472668810288,3.215434083601286,3.215434083601286,3.215434083601286,0.0,0.0,8.038585209003216,8.038585209003216,0.0,0.0,0.0,0.0,0.0,0.0,0.0,0.0,622,0.0,0,1,0,0,0,0.7510805,950c93e3-27e1-4a95-9d7f-b1f719ae94c4#05de4a55-0a27-4c30-9d11-22743eaf1a41#17181b8c4,1470,Amounts -  7/11,Reliable
6,0,14,2,2,2,0,0,4,4,0,0,0,0,0,0,0,0,16.0,0.0,37.333333333333336,5.333333333333333,5.333333333333333,5.333333333333333,0.0,0.0,10.666666666666666,10.666666666666666,0.0,0.0,0.0,0.0,0.0,0.0,0.0,0.0,375,0.0,0,0,0,1,0,0.85579616,97f05499-1955-4ba3-818b-b1bf0553c260#b4eaf28e-128e-43b7-8fc2-da8ce84939c7#1eb1bc72c,1470,Table -  6/7,Reliable
6,0,8,1,1,1,0,1,2,2,0,0,0,0,0,0,0,0,11.811023622047244,0.0,15.748031496062993,1.968503937007874,1.968503937007874,1.968503937007874,0.0,1.968503937007874,3.937007874015748,3.937007874015748,0.0,0.0,0.0,0.0,0.0,0.0,0.0,0.0,508,0.0,0,0,0,1,0,0.5832927,97f05499-1955-4ba3-818b-b1bf0553c260#b4eaf28e-128e-43b7-8fc2-da8ce84939c7#1eb1bc72c,1470,Table -  5/7,Reliable
1,0,7,1,1,1,0,0,2,2,0,0,0,0,0,0,0,0,5.9171597633136095,0.0,41.42011834319526,5.9171597633136095,5.9171597633136095,5.9171597633136095,0.0,0.0,11.83431952662722,11.83431952662722,0.0,0.0,0.0,0.0,0.0,0.0,0.0,0.0,169,0.0,0,0,1,0,0,0.8753602,bb1ea266-8209-4059-b6a6-e9c4ce37a3a9#7c2202f1-5483-4df7-9f12-439378fe0eb5#13e586843,1470,Dates -  4/5,Unreliable
2,0,8,1,1,1,0,1,2,2,0,0,0,0,0,0,0,0,10.75268817204301,0.0,43.01075268817204,5.376344086021505,5.376344086021505,5.376344086021505,0.0,5.376344086021505,10.75268817204301,10.75268817204301,0.0,0.0,0.0,0.0,0.0,0.0,0.0,0.0,186,0.0,0,0,1,0,0,0.87119865,bb1ea266-8209-4059-b6a6-e9c4ce37a3a9#7c2202f1-5483-4df7-9f12-439378fe0eb5#13e586843,1470,Dates -  3/5,Unreliable
3,0,7,1,1,1,0,0,2,2,0,0,0,0,1,0,0,0,13.215859030837004,0.0,30.837004405286343,4.405286343612334,4.405286343612334,4.405286343612334,0.0,0.0,8.810572687224669,8.810572687224669,0.0,0.0,0.0,0.0,4.405286343612334,0.0,0.0,0.0,227,0.0,0,0,1,0,0,0.82034534,bb1ea266-8209-4059-b6a6-e9c4ce37a3a9#7c2202f1-5483-4df7-9f12-439378fe0eb5#13e586843,1470,Dates -  2/5,Unreliable
5,1,15,2,2,2,0,1,4,4,0,0,0,0,0,0,0,0,6.8212824010914055,1.364256480218281,20.463847203274216,2.728512960436562,2.728512960436562,2.728512960436562,0.0,1.364256480218281,5.457025920873124,5.457025920873124,0.0,0.0,0.0,0.0,0.0,0.0,0.0,0.0,733,0.0,0,1,0,0,0,0.6804886,d682636f-b8b5-45b4-adff-1d3066762dc6#cd61f2f7-7363-4a50-8ad1-861c36e2262c#1f26a020d,1470,Amounts -  5/11,Reliable
4,0,14,2,2,2,0,0,4,4,0,0,0,0,0,0,0,0,11.235955056179776,0.0,39.325842696629216,5.617977528089888,5.617977528089888,5.617977528089888,0.0,0.0,11.235955056179776,11.235955056179776,0.0,0.0,0.0,0.0,0.0,0.0,0.0,0.0,356,0.0,0,1,0,0,0,0.8551352,f323d2c-732a-47b5-b711-22c1c82c5baa#6561aee1-2ab5-4d9b-8a2b-dd3ea0a6d96f#1d1f2f57c,1470,Amounts -  3/11,Reliable
5,0,14,2,2,2,0,0,4,4,0,0,0,0,0,0,0,0,13.774104683195592,0.0,38.56749311294766,5.5096418732782375,5.5096418732782375,5.5096418732782375,0.0,0.0,11.019283746556477,11.019283746556477,0.0,0.0,0.0,0.0,0.0,0.0,0.0,0.0,363,0.0,0,1,0,0,0,0.85325783,f323d2c-732a-47b5-b711-22c1c82c5baa#6561aee1-2ab5-4d9b-8a2b-dd3ea0a6d96f#1d1f2f57c,1470,Amounts -  9/11,Reliable
5,0,14,2,2,2,0,0,4,4,0,0,0,0,0,0,0,0,13.513513513513514,0.0,37.83783783783784,5.405405405405405,5.405405405405405,5.405405405405405,0.0,0.0,10.81081081081081,10.81081081081081,0.0,0.0,0.0,0.0,0.0,0.0,0.0,0.0,0.37,0.0,0,1,0,0,0,0.8514806,f323d2c-732a-47b5-b711-22c1c82c5baa#6561aee1-2ab5-4d9b-8a2b-dd3ea0a6d96f#1d1f2f57c,1470,Amounts -  6/11,Reliable
4,0,14,2,2,2,0,0,4,4,0,0,0,0,0,0,0,0,10.282776349614396,0.0,35.98971722365039,5.141388174807198,5.141388174807198,5.141388174807198,0.0,0.0,10.282776349614396,10.282776349614396,0.0,0.0,0.0,0.0,0.0,0.0,0.0,0.0,389,0.0,0,1,0,0,0,0.846944,f323d2c-732a-47b5-b711-22c1c82c5baa#6561aee1-2ab5-4d9b-8a2b-dd3ea0a6d96f#1d1f2f57c,1470,Amounts -  8/11,Reliable
4,0,14,2,2,2,0,0,4,4,0,0,0,0,0,0,0,0,10.126582278481012,0.0,35.44303797468354,5.063291139240506,5.063291139240506,5.063291139240506,0.0,0.0,10.126582278481012,10.126582278481012,0.0,0.0,0.0,0.0,0.0,0.0,0.0,0.0,395,0.0,0,1,0,0,0,0.84556425,f323d2c-732a-47b5-b711-22c1c82c5baa#6561aee1-2ab5-4d9b-8a2b-dd3ea0a6d96f#1d1f2f57c,1470,Amounts -  7/11,Reliable
4,0,14,2,2,2,0,0,4,4,0,0,0,0,0,0,0,0,10.075566750629722,0.0,35.26448362720403,5.037783375314861,5.037783375314861,5.037783375314861,0.0,0.0,10.075566750629722,10.075566750629722,0.0,0.0,0.0,0.0,0.0,0.0,0.0,0.0,397,0.0,0,1,0,0,0,0.8451113,f323d2c-732a-47b5-b711-22c1c82c5baa#6561aee1-2ab5-4d9b-8a2b-dd3ea0a6d96f#1d1f2f57c,1470,Amounts -  10/11,Reliable
4,0,14,2,2,2,0,0,4,4,0,0,0,0,0,0,0,0,9.75609756097561,0.0,34.14634146341464,4.878048780487805,4.878048780487805,4.878048780487805,0.0,0.0,9.75609756097561,9.75609756097561,0.0,0.0,0.0,0.0,0.0,0.0,0.0,0.0,0.41,0.0,0,1,0,0,0,0.841402,f323d2c-732a-47b5-b711-22c1c82c5baa#6561aee1-2ab5-4d9b-8a2b-dd3ea0a6d96f#1d1f2f57c,1470,Amounts -  5/11,Reliable
5,0,14,2,2,2,0,0,4,4,0,0,0,0,0,0,0,0,12.07729468599034,0.0,33.81642512077295,4.830917874396135,4.830917874396135,4.830917874396135,0.0,0.0,9.66183574879227,9.66183574879227,0.0,0.0,0.0,0.0,0.0,0.0,0.0,0.0,414,0.0,0,1,0,0,0,0.8398403,f323d2c-732a-47b5-b711-22c1c82c5baa#6561aee1-2ab5-4d9b-8a2b-dd3ea0a6d96f#1d1f2f57c,1470,Amounts -  4/11,Reliable
6,0,18,3,3,3,0,1,4,4,0,0,0,0,0,0,0,0,7.49063670411985,0.0,22.47191011235955,3.745318352059925,3.745318352059925,3.745318352059925,0.0,1.2484394506866416,4.993757802746567,4.993757802746567,0.0,0.0,0.0,0.0,0.0,0.0,0.0,0.0,801,0.0,0,1,0,0,0,0.7307288,f323d2c-732a-47b5-b711-22c1c82c5baa#6561aee1-2ab5-4d9b-8a2b-dd3ea0a6d96f#1d1f2f57c,1470,Amounts -  2/11,Reliable
