mutation_count,mouse_move_count,mouse_interaction_count,mouse_up_count,mouse_down_count,click_count,context_menu_count,dbl_click_count,focus_count,blur_count,touch_start_count,touch_move_departed_count,touch_end_count,touch_cancel_count,scroll_count,viewport_resize_count,input_count,touch_count,mutation_per_second,mouse_move_per_second,mouse_interaction_per_second,mouse_up_per_second,mouse_down_per_second,click_per_second,context_menu_per_second,dbl_click_per_second,focus_per_second,blur_per_second,touch_start_per_second,touch_move_departed_per_second,touch_end_per_second,touch_cancel_per_second,scroll_per_second,viewport_resize_per_second,input_per_second,touch_per_second,active_s,inactivity_s,DatesReha,Amounts,Dates,Table,Your Task,class,Confidence,recording_id,step_id,workunit_id
134,11,114,11,11,12,1,0,14,15,25,0,25,0,86,0,23,33,2.5224004216549956,0.2070627211806339,2.1459227467811157,0.2070627211806339,0.2070627211806339,0.2258866049243279,0.018823883743694,0.0,0.2635343724117159,0.28235825615541,0.4705970935923499,0.0,0.4705970935923499,0.0,1.6188540019576838,0.0,0.4329493261049619,0.621188163541902,53.124,0.0,1,0,1,0,0,Unreliable,0.98814094,51089b47-2b9c-450b-8d20-bf78fb687afd#e88f23ed-9f69-4352-866e-6ee63fc9201b#191aa84be,2289,DatesReha -  3/3
11,0,15,1,1,1,0,0,2,2,4,0,4,0,0,0,0,6,1.8603077963808556,0.0,2.536783358701167,0.1691188905800777,0.1691188905800777,0.1691188905800777,0.0,0.0,0.3382377811601555,0.3382377811601555,0.6764755623203111,0.0,0.6764755623203111,0.0,0.0,0.0,0.0,1.0147133434804667,5.913,0.0,0,1,0,0,0,Unreliable,0.99589515,e2794174-d7c8-43be-8c6b-ff02c7c6f971#b4ec1d09-ca60-483a-bc6b-7f54a128bc20#14b390935,1470,Amounts -  2/11
5,1,9,1,1,1,0,0,2,2,1,0,1,0,0,0,0,0,3.1113876789047916,0.6222775357809583,5.600497822028625,0.6222775357809583,0.6222775357809583,0.6222775357809583,0.0,0.0,1.2445550715619167,1.2445550715619167,0.6222775357809583,0.0,0.6222775357809583,0.0,0.0,0.0,0.0,0.0,1.607,0.0,0,1,0,0,0,Unreliable,0.9690791,f154f727-0826-41ca-a2da-1b3cfcfc447f#39149e24-3818-4837-bca8-4fd442709ebe#107230b4e,1470,Amounts -  8/11
5,1,9,1,1,1,0,0,2,2,1,0,1,0,0,0,0,0,2.8620492272467084,0.5724098454493417,5.151688609044076,0.5724098454493417,0.5724098454493417,0.5724098454493417,0.0,0.0,1.1448196908986834,1.1448196908986834,0.5724098454493417,0.0,0.5724098454493417,0.0,0.0,0.0,0.0,0.0,1.747,0.0,0,1,0,0,0,Unreliable,0.9732564,f154f727-0826-41ca-a2da-1b3cfcfc447f#5c0a696a-a041-4f68-abab-b0c879a7602b#107230b4e,1470,Amounts -  9/11
25,1,17,1,1,1,0,0,3,3,4,0,4,0,2,1,5,6,2.0177562550443904,0.0807102502017756,1.3720742534301855,0.0807102502017756,0.0807102502017756,0.0807102502017756,0.0,0.0,0.2421307506053268,0.2421307506053268,0.3228410008071025,0.0,0.3228410008071025,0.0,0.1614205004035512,0.0807102502017756,0.4035512510088781,0.4842615012106537,12.39,0.0,0,1,0,0,0,Unreliable,0.96153665,3b3c794e-1477-4d6c-aeaf-8f6c189c55ab#bffa5848-33a3-4d5c-b9b2-69d910b2f884#14b390935,1470,Amounts -  1/10
5,1,9,1,1,1,0,0,2,2,1,0,1,0,0,0,0,0,2.759381898454746,0.5518763796909492,4.966887417218543,0.5518763796909492,0.5518763796909492,0.5518763796909492,0.0,0.0,1.1037527593818983,1.1037527593818983,0.5518763796909492,0.0,0.5518763796909492,0.0,0.0,0.0,0.0,0.0,1.812,0.0,0,1,0,0,0,Unreliable,0.97485447,f154f727-0826-41ca-a2da-1b3cfcfc447f#39149e24-3818-4837-bca8-4fd442709ebe#107230b4e,1470,Amounts -  7/11
5,1,9,1,1,1,0,0,2,2,1,0,1,0,0,0,0,0,2.575991756826378,0.5151983513652756,4.636785162287481,0.5151983513652756,0.5151983513652756,0.5151983513652756,0.0,0.0,1.0303967027305512,1.0303967027305512,0.5151983513652756,0.0,0.5151983513652756,0.0,0.0,0.0,0.0,0.0,1.941,0.0,0,1,0,0,0,Unreliable,0.9775064,f154f727-0826-41ca-a2da-1b3cfcfc447f#5c0a696a-a041-4f68-abab-b0c879a7602b#107230b4e,1470,Amounts -  4/11
7,1,11,1,1,1,0,0,2,2,2,0,2,0,0,0,0,1,3.2422417786012048,0.4631773969430292,5.094951366373321,0.4631773969430292,0.4631773969430292,0.4631773969430292,0.0,0.0,0.9263547938860583,0.9263547938860583,0.9263547938860583,0.0,0.9263547938860583,0.0,0.0,0.0,0.0,0.4631773969430292,2.159,0.0,0,1,0,0,0,Unreliable,0.9874544,3b3c794e-1477-4d6c-aeaf-8f6c189c55ab#bffa5848-33a3-4d5c-b9b2-69d910b2f884#14b390935,1470,Amounts -  7/10
6,1,9,1,1,1,0,0,2,2,1,0,1,0,0,0,0,0,3.4582132564841497,0.5763688760806917,5.187319884726224,0.5763688760806917,0.5763688760806917,0.5763688760806917,0.0,0.0,1.1527377521613833,1.1527377521613833,0.5763688760806917,0.0,0.5763688760806917,0.0,0.0,0.0,0.0,0.0,1.735,0.0,0,1,0,0,0,Unreliable,0.9729845,f154f727-0826-41ca-a2da-1b3cfcfc447f#39149e24-3818-4837-bca8-4fd442709ebe#107230b4e,1470,Amounts -  6/11
6,1,11,1,1,1,0,0,2,2,2,0,2,0,0,0,0,1,3.7128712871287126,0.6188118811881188,6.806930693069306,0.6188118811881188,0.6188118811881188,0.6188118811881188,0.0,0.0,1.2376237623762376,1.2376237623762376,1.2376237623762376,0.0,1.2376237623762376,0.0,0.0,0.0,0.0,0.6188118811881188,1.616,0.0,0,1,0,0,0,Unreliable,0.99353117,3b3c794e-1477-4d6c-aeaf-8f6c189c55ab#bffa5848-33a3-4d5c-b9b2-69d910b2f884#14b390935,1470,Amounts -  3/10
6,1,8,1,1,2,0,0,1,1,1,0,1,0,0,0,0,0,3.2485110990795887,0.5414185165132648,4.331348132106118,0.5414185165132648,0.5414185165132648,1.0828370330265296,0.0,0.0,0.5414185165132648,0.5414185165132648,0.5414185165132648,0.0,0.5414185165132648,0.0,0.0,0.0,0.0,0.0,1.847,0.0,0,1,0,0,0,Unreliable,0.98622733,f154f727-0826-41ca-a2da-1b3cfcfc447f#5c0a696a-a041-4f68-abab-b0c879a7602b#107230b4e,1470,Amounts -  11/11
14,10,21,3,3,4,0,0,5,6,0,0,0,0,6,0,0,0,2.527532045495577,1.8053800324968408,3.7912980682433655,0.5416140097490522,0.5416140097490522,0.7221520129987363,0.0,0.0,0.9026900162484204,1.0832280194981043,0.0,0.0,0.0,0.0,1.0832280194981043,0.0,0.0,0.0,5.539,0.0,1,0,1,0,0,Unreliable,0.9596005,3EKZL9T8Y8YOBCNJ8YLXZTFP449CHL#4eff5343-b1d9-4637-9b13-addab05b18ea#1A2LRY3ID0PEG82,2452,DatesReha -  3/3
10,6,14,2,2,2,0,0,4,4,0,0,0,0,1,0,0,0,3.0497102775236353,1.8298261665141813,4.26959438853309,0.609942055504727,0.609942055504727,0.609942055504727,0.0,0.0,1.219884111009454,1.219884111009454,0.0,0.0,0.0,0.0,0.3049710277523635,0.0,0.0,0.0,3.279,0.0,1,0,1,0,0,Unreliable,0.93573886,3EKZL9T8Y8YOBCNJ8YLXZTFP449CHL#4eff5343-b1d9-4637-9b13-addab05b18ea#1A2LRY3ID0PEG82,2452,DatesReha -  2/3
247,11,149,11,11,11,0,0,19,19,39,0,39,0,129,3,12,52,2.4742309348986766,0.1101884222019653,1.492552264372076,0.1101884222019653,0.1101884222019653,0.1101884222019653,0.0,0.0,0.1903254565306674,0.1903254565306674,0.3906680423524226,0.0,0.3906680423524226,0.0,1.292209678550321,0.0300513878732632,0.1202055514930531,0.5208907231365635,99.829,63.123,1,0,1,0,0,Unreliable,0.9967721,51089b47-2b9c-450b-8d20-bf78fb687afd#e88f23ed-9f69-4352-866e-6ee63fc9201b#191aa84be,2289,DatesReha -  1/3
142,9,111,9,9,9,0,0,18,18,24,0,24,0,76,0,18,27,2.5660950178000252,0.1626398250718325,2.0058911758859352,0.1626398250718325,0.1626398250718325,0.1626398250718325,0.0,0.0,0.3252796501436651,0.3252796501436651,0.4337062001915535,0.0,0.4337062001915535,0.0,1.3734029672732528,0.0,0.3252796501436651,0.4879194752154977,55.337,0.0,1,0,1,0,0,Unreliable,0.9942468,51089b47-2b9c-450b-8d20-bf78fb687afd#e88f23ed-9f69-4352-866e-6ee63fc9201b#191aa84be,2289,DatesReha -  2/3
22,10,14,2,2,2,0,0,4,4,0,0,0,0,5,0,0,0,3.718100388710495,1.690045631232043,2.3660638837248604,0.3380091262464086,0.3380091262464086,0.3380091262464086,0.0,0.0,0.6760182524928173,0.6760182524928173,0.0,0.0,0.0,0.0,0.8450228156160217,0.0,0.0,0.0,5.917,0.0,1,0,1,0,0,Unreliable,0.97737634,3EKZL9T8Y8YOBCNJ8YLXZTFP449CHL#4eff5343-b1d9-4637-9b13-addab05b18ea#1A2LRY3ID0PEG82,2452,DatesReha -  1/3
10,6,14,2,2,2,0,0,4,4,0,0,0,0,1,0,0,0,3.641660597232338,2.184996358339403,5.098324836125273,0.7283321194464676,0.7283321194464676,0.7283321194464676,0.0,0.0,1.4566642388929352,1.4566642388929352,0.0,0.0,0.0,0.0,0.3641660597232338,0.0,0.0,0.0,2.746,0.0,1,0,1,0,0,Unreliable,0.9378866,38Z7YZ2SB3ES188MJY4DJA5L8WQIQQ#4f5415ea-6475-4d31-bb66-15644a929950#1A2LRY3ID0PEG82,2452,DatesReha -  2/3
32,13,17,2,2,2,0,0,6,5,0,0,0,0,9,0,0,0,3.2616450922434,1.3250433187238813,1.7327489552543065,0.2038528182652125,0.2038528182652125,0.2038528182652125,0.0,0.0,0.6115584547956375,0.5096320456630313,0.0,0.0,0.0,0.0,0.9173376821934563,0.0,0.0,0.0,9.811,0.0,1,0,1,0,0,Unreliable,0.97323686,38Z7YZ2SB3ES188MJY4DJA5L8WQIQQ#4f5415ea-6475-4d31-bb66-15644a929950#1A2LRY3ID0PEG82,2452,DatesReha -  1/3
15,11,23,3,3,4,0,0,6,7,0,0,0,0,6,0,0,0,2.316602316602317,1.698841698841699,3.552123552123552,0.4633204633204633,0.4633204633204633,0.6177606177606177,0.0,0.0,0.9266409266409268,1.0810810810810811,0.0,0.0,0.0,0.0,0.9266409266409268,0.0,0.0,0.0,6.475,0.0,1,0,1,0,0,Unreliable,0.95621246,38Z7YZ2SB3ES188MJY4DJA5L8WQIQQ#4f5415ea-6475-4d31-bb66-15644a929950#1A2LRY3ID0PEG82,2452,DatesReha -  3/3
7,1,11,1,1,1,0,0,2,2,2,0,2,0,0,0,0,1,3.4499753573188765,0.4928536224741252,5.421389847215377,0.4928536224741252,0.4928536224741252,0.4928536224741252,0.0,0.0,0.9857072449482503,0.9857072449482503,0.9857072449482503,0.0,0.9857072449482503,0.0,0.0,0.0,0.0,0.4928536224741252,2.029,0.0,0,1,0,0,0,Unreliable,0.98888296,e2794174-d7c8-43be-8c6b-ff02c7c6f971#b4ec1d09-ca60-483a-bc6b-7f54a128bc20#14b390935,1470,Amounts -  10/11
6,1,9,1,1,1,0,0,2,2,1,0,1,0,0,0,0,0,2.4681201151789387,0.4113533525298231,3.702180172768408,0.4113533525298231,0.4113533525298231,0.4113533525298231,0.0,0.0,0.8227067050596463,0.8227067050596463,0.4113533525298231,0.0,0.4113533525298231,0.0,0.0,0.0,0.0,0.0,2.431,0.0,0,1,0,0,0,Unreliable,0.9863077,f154f727-0826-41ca-a2da-1b3cfcfc447f#5c0a696a-a041-4f68-abab-b0c879a7602b#107230b4e,1470,Amounts -  2/11
6,2,11,1,1,1,0,0,2,2,2,0,2,0,0,0,0,1,2.591792656587473,0.8639308855291576,4.751619870410368,0.4319654427645788,0.4319654427645788,0.4319654427645788,0.0,0.0,0.8639308855291576,0.8639308855291576,0.8639308855291576,0.0,0.8639308855291576,0.0,0.0,0.0,0.0,0.4319654427645788,2.315,0.0,0,1,0,0,0,Unreliable,0.9878399,e2794174-d7c8-43be-8c6b-ff02c7c6f971#b4ec1d09-ca60-483a-bc6b-7f54a128bc20#14b390935,1470,Amounts -  3/11
6,1,11,1,1,1,0,0,2,2,2,0,2,0,0,0,0,1,2.8971511347175274,0.4828585224529212,5.311443746982134,0.4828585224529212,0.4828585224529212,0.4828585224529212,0.0,0.0,0.9657170449058424,0.9657170449058424,0.9657170449058424,0.0,0.9657170449058424,0.0,0.0,0.0,0.0,0.4828585224529212,2.071,0.0,0,1,0,0,0,Unreliable,0.98840266,e2794174-d7c8-43be-8c6b-ff02c7c6f971#b4ec1d09-ca60-483a-bc6b-7f54a128bc20#14b390935,1470,Amounts -  6/11
5,1,9,1,1,1,0,0,2,2,1,0,1,0,0,0,0,0,2.759381898454746,0.5518763796909492,4.966887417218543,0.5518763796909492,0.5518763796909492,0.5518763796909492,0.0,0.0,1.1037527593818983,1.1037527593818983,0.5518763796909492,0.0,0.5518763796909492,0.0,0.0,0.0,0.0,0.0,1.812,0.0,0,1,0,0,0,Unreliable,0.97485447,f154f727-0826-41ca-a2da-1b3cfcfc447f#5c0a696a-a041-4f68-abab-b0c879a7602b#107230b4e,1470,Amounts -  7/11
6,1,11,1,1,1,0,0,2,2,2,0,2,0,0,0,0,1,3.056546102903719,0.5094243504839531,5.603667855323485,0.5094243504839531,0.5094243504839531,0.5094243504839531,0.0,0.0,1.018848700967906,1.018848700967906,1.018848700967906,0.0,1.018848700967906,0.0,0.0,0.0,0.0,0.5094243504839531,1.963,0.0,0,1,0,0,0,Unreliable,0.9896058,e2794174-d7c8-43be-8c6b-ff02c7c6f971#b4ec1d09-ca60-483a-bc6b-7f54a128bc20#14b390935,1470,Amounts -  7/11
6,1,9,1,1,1,0,0,2,2,1,0,1,0,0,0,0,0,2.4681201151789387,0.4113533525298231,3.702180172768408,0.4113533525298231,0.4113533525298231,0.4113533525298231,0.0,0.0,0.8227067050596463,0.8227067050596463,0.4113533525298231,0.0,0.4113533525298231,0.0,0.0,0.0,0.0,0.0,2.431,0.0,0,1,0,0,0,Unreliable,0.9863077,f154f727-0826-41ca-a2da-1b3cfcfc447f#39149e24-3818-4837-bca8-4fd442709ebe#107230b4e,1470,Amounts -  2/11
5,1,11,1,1,1,0,0,2,2,2,0,2,0,0,0,0,1,3.250975292587776,0.6501950585175552,7.152145643693108,0.6501950585175552,0.6501950585175552,0.6501950585175552,0.0,0.0,1.3003901170351104,1.3003901170351104,1.3003901170351104,0.0,1.3003901170351104,0.0,0.0,0.0,0.0,0.6501950585175552,1.538,0.0,0,1,0,0,0,Unreliable,0.9944735,3b3c794e-1477-4d6c-aeaf-8f6c189c55ab#bffa5848-33a3-4d5c-b9b2-69d910b2f884#14b390935,1470,Amounts -  4/10
5,1,9,1,1,1,0,0,2,2,1,0,1,0,0,0,0,0,2.9154518950437316,0.5830903790087463,5.247813411078717,0.5830903790087463,0.5830903790087463,0.5830903790087463,0.0,0.0,1.1661807580174923,1.1661807580174923,0.5830903790087463,0.0,0.5830903790087463,0.0,0.0,0.0,0.0,0.0,1.715,0.0,0,1,0,0,0,Unreliable,0.9723866,f154f727-0826-41ca-a2da-1b3cfcfc447f#39149e24-3818-4837-bca8-4fd442709ebe#107230b4e,1470,Amounts -  5/11
5,1,9,1,1,1,0,0,2,2,1,0,1,0,0,0,0,0,3.1113876789047916,0.6222775357809583,5.600497822028625,0.6222775357809583,0.6222775357809583,0.6222775357809583,0.0,0.0,1.2445550715619167,1.2445550715619167,0.6222775357809583,0.0,0.6222775357809583,0.0,0.0,0.0,0.0,0.0,1.607,0.0,0,1,0,0,0,Unreliable,0.9690791,f154f727-0826-41ca-a2da-1b3cfcfc447f#5c0a696a-a041-4f68-abab-b0c879a7602b#107230b4e,1470,Amounts -  8/11
26,2,63,3,3,3,0,0,5,5,22,0,22,0,34,0,5,24,1.7051416579223506,0.1311647429171039,4.131689401888773,0.1967471143756558,0.1967471143756558,0.1967471143756558,0.0,0.0,0.3279118572927597,0.3279118572927597,1.4428121720881428,0.0,1.4428121720881428,0.0,2.229800629590766,0.0,0.3279118572927597,1.5739769150052467,15.248,0.0,0,1,0,0,0,Unreliable,0.999897,f154f727-0826-41ca-a2da-1b3cfcfc447f#5c0a696a-a041-4f68-abab-b0c879a7602b#107230b4e,1470,Amounts -  1/11
5,1,9,1,1,1,0,0,2,2,1,0,1,0,0,0,0,0,2.8620492272467084,0.5724098454493417,5.151688609044076,0.5724098454493417,0.5724098454493417,0.5724098454493417,0.0,0.0,1.1448196908986834,1.1448196908986834,0.5724098454493417,0.0,0.5724098454493417,0.0,0.0,0.0,0.0,0.0,1.747,0.0,0,1,0,0,0,Unreliable,0.9732564,f154f727-0826-41ca-a2da-1b3cfcfc447f#39149e24-3818-4837-bca8-4fd442709ebe#107230b4e,1470,Amounts -  9/11
6,1,11,1,1,1,0,0,2,2,2,0,2,0,0,0,0,1,3.225806451612903,0.5376344086021505,5.913978494623656,0.5376344086021505,0.5376344086021505,0.5376344086021505,0.0,0.0,1.075268817204301,1.075268817204301,1.075268817204301,0.0,1.075268817204301,0.0,0.0,0.0,0.0,0.5376344086021505,1.86,0.0,0,1,0,0,0,Unreliable,0.9907481,3b3c794e-1477-4d6c-aeaf-8f6c189c55ab#bffa5848-33a3-4d5c-b9b2-69d910b2f884#14b390935,1470,Amounts -  5/10
5,1,8,1,1,2,0,0,1,1,1,0,1,0,0,0,0,0,3.3288948069241013,0.6657789613848203,5.326231691078562,0.6657789613848203,0.6657789613848203,1.3315579227696406,0.0,0.0,0.6657789613848203,0.6657789613848203,0.6657789613848203,0.0,0.6657789613848203,0.0,0.0,0.0,0.0,0.0,1.502,0.0,0,1,0,0,0,Unreliable,0.98086584,3b3c794e-1477-4d6c-aeaf-8f6c189c55ab#bffa5848-33a3-4d5c-b9b2-69d910b2f884#14b390935,1470,Amounts -  10/10
6,1,11,1,1,1,0,0,2,2,2,0,2,0,0,0,0,1,2.952755905511811,0.4921259842519685,5.413385826771654,0.4921259842519685,0.4921259842519685,0.4921259842519685,0.0,0.0,0.984251968503937,0.984251968503937,0.984251968503937,0.0,0.984251968503937,0.0,0.0,0.0,0.0,0.4921259842519685,2.032,0.0,0,1,0,0,0,Unreliable,0.98883724,e2794174-d7c8-43be-8c6b-ff02c7c6f971#b4ec1d09-ca60-483a-bc6b-7f54a128bc20#14b390935,1470,Amounts -  8/11
34,2,28,2,2,2,0,0,4,4,7,0,7,0,7,1,5,12,2.262443438914027,0.1330849081714133,1.863188714399787,0.1330849081714133,0.1330849081714133,0.1330849081714133,0.0,0.0,0.2661698163428267,0.2661698163428267,0.4657971785999467,0.0,0.4657971785999467,0.0,0.4657971785999467,0.0665424540857066,0.3327122704285334,0.7985094490284802,15.028,0.0,0,1,0,0,0,Unreliable,0.97218037,e2794174-d7c8-43be-8c6b-ff02c7c6f971#b4ec1d09-ca60-483a-bc6b-7f54a128bc20#14b390935,1470,Amounts -  1/11
5,1,9,1,1,1,0,0,2,2,1,0,1,0,0,0,0,0,2.9154518950437316,0.5830903790087463,5.247813411078717,0.5830903790087463,0.5830903790087463,0.5830903790087463,0.0,0.0,1.1661807580174923,1.1661807580174923,0.5830903790087463,0.0,0.5830903790087463,0.0,0.0,0.0,0.0,0.0,1.715,0.0,0,1,0,0,0,Unreliable,0.9723866,f154f727-0826-41ca-a2da-1b3cfcfc447f#5c0a696a-a041-4f68-abab-b0c879a7602b#107230b4e,1470,Amounts -  5/11
6,1,9,1,1,1,0,0,2,2,1,0,1,0,0,0,0,0,2.145922746781116,0.357653791130186,3.218884120171674,0.357653791130186,0.357653791130186,0.357653791130186,0.0,0.0,0.715307582260372,0.715307582260372,0.357653791130186,0.0,0.357653791130186,0.0,0.0,0.0,0.0,0.0,2.796,0.0,0,1,0,0,0,Unreliable,0.9899288,f154f727-0826-41ca-a2da-1b3cfcfc447f#5c0a696a-a041-4f68-abab-b0c879a7602b#107230b4e,1470,Amounts -  10/11
7,1,11,1,1,1,0,0,2,2,2,0,2,0,0,0,0,1,3.6610878661087862,0.5230125523012552,5.7531380753138075,0.5230125523012552,0.5230125523012552,0.5230125523012552,0.0,0.0,1.0460251046025104,1.0460251046025104,1.0460251046025104,0.0,1.0460251046025104,0.0,0.0,0.0,0.0,0.5230125523012552,1.912,0.0,0,1,0,0,0,Unreliable,0.990184,e2794174-d7c8-43be-8c6b-ff02c7c6f971#b4ec1d09-ca60-483a-bc6b-7f54a128bc20#14b390935,1470,Amounts -  9/11
7,2,11,1,1,1,0,0,2,2,2,0,2,0,0,0,0,1,3.4895314057826523,0.997008973080758,5.483549351944168,0.4985044865403789,0.4985044865403789,0.4985044865403789,0.0,0.0,0.997008973080758,0.997008973080758,0.997008973080758,0.0,0.997008973080758,0.0,0.0,0.0,0.0,0.4985044865403789,2.006,0.0,0,1,0,0,0,Unreliable,0.9904571,e2794174-d7c8-43be-8c6b-ff02c7c6f971#b4ec1d09-ca60-483a-bc6b-7f54a128bc20#14b390935,1470,Amounts -  5/11
6,1,11,1,1,1,0,0,2,2,2,0,2,0,0,0,0,1,2.538071065989848,0.4230118443316413,4.653130287648055,0.4230118443316413,0.4230118443316413,0.4230118443316413,0.0,0.0,0.8460236886632826,0.8460236886632826,0.8460236886632826,0.0,0.8460236886632826,0.0,0.0,0.0,0.0,0.4230118443316413,2.364,0.0,0,1,0,0,0,Unreliable,0.9857259,3b3c794e-1477-4d6c-aeaf-8f6c189c55ab#bffa5848-33a3-4d5c-b9b2-69d910b2f884#14b390935,1470,Amounts -  2/10
5,1,9,1,1,1,0,0,2,2,1,0,1,0,0,0,0,0,2.6288117770767614,0.5257623554153523,4.73186119873817,0.5257623554153523,0.5257623554153523,0.5257623554153523,0.0,0.0,1.0515247108307046,1.0515247108307046,0.5257623554153523,0.0,0.5257623554153523,0.0,0.0,0.0,0.0,0.0,1.902,0.0,0,1,0,0,0,Unreliable,0.9767527,f154f727-0826-41ca-a2da-1b3cfcfc447f#39149e24-3818-4837-bca8-4fd442709ebe#107230b4e,1470,Amounts -  3/11
5,1,9,1,1,1,0,0,2,2,1,0,1,0,0,0,0,0,2.575991756826378,0.5151983513652756,4.636785162287481,0.5151983513652756,0.5151983513652756,0.5151983513652756,0.0,0.0,1.0303967027305512,1.0303967027305512,0.5151983513652756,0.0,0.5151983513652756,0.0,0.0,0.0,0.0,0.0,1.941,0.0,0,1,0,0,0,Unreliable,0.9775064,f154f727-0826-41ca-a2da-1b3cfcfc447f#39149e24-3818-4837-bca8-4fd442709ebe#107230b4e,1470,Amounts -  4/11
6,1,9,1,1,1,0,0,2,2,1,0,1,0,0,0,0,0,2.145922746781116,0.357653791130186,3.218884120171674,0.357653791130186,0.357653791130186,0.357653791130186,0.0,0.0,0.715307582260372,0.715307582260372,0.357653791130186,0.0,0.357653791130186,0.0,0.0,0.0,0.0,0.0,2.796,0.0,0,1,0,0,0,Unreliable,0.9899288,f154f727-0826-41ca-a2da-1b3cfcfc447f#39149e24-3818-4837-bca8-4fd442709ebe#107230b4e,1470,Amounts -  10/11
5,1,9,1,1,1,0,0,2,2,1,0,1,0,0,0,0,0,2.6288117770767614,0.5257623554153523,4.73186119873817,0.5257623554153523,0.5257623554153523,0.5257623554153523,0.0,0.0,1.0515247108307046,1.0515247108307046,0.5257623554153523,0.0,0.5257623554153523,0.0,0.0,0.0,0.0,0.0,1.902,0.0,0,1,0,0,0,Unreliable,0.9767527,f154f727-0826-41ca-a2da-1b3cfcfc447f#5c0a696a-a041-4f68-abab-b0c879a7602b#107230b4e,1470,Amounts -  3/11
8,1,13,1,1,1,0,0,2,2,3,0,3,0,0,0,0,2,3.215434083601286,0.4019292604501607,5.22508038585209,0.4019292604501607,0.4019292604501607,0.4019292604501607,0.0,0.0,0.8038585209003215,0.8038585209003215,1.2057877813504825,0.0,1.2057877813504825,0.0,0.0,0.0,0.0,0.8038585209003215,2.488,0.0,0,1,0,0,0,Unreliable,0.99663454,3b3c794e-1477-4d6c-aeaf-8f6c189c55ab#bffa5848-33a3-4d5c-b9b2-69d910b2f884#14b390935,1470,Amounts -  8/10
6,1,11,1,1,1,0,0,2,2,2,0,2,0,0,0,0,1,3.1880977683315623,0.5313496280552604,5.844845908607864,0.5313496280552604,0.5313496280552604,0.5313496280552604,0.0,0.0,1.0626992561105209,1.0626992561105209,1.0626992561105209,0.0,1.0626992561105209,0.0,0.0,0.0,0.0,0.5313496280552604,1.882,0.0,0,1,0,0,0,Unreliable,0.9905049,3b3c794e-1477-4d6c-aeaf-8f6c189c55ab#bffa5848-33a3-4d5c-b9b2-69d910b2f884#14b390935,1470,Amounts -  6/10
5,1,8,1,1,2,0,0,1,1,1,0,1,0,0,0,0,0,2.986857825567503,0.5973715651135006,4.778972520908005,0.5973715651135006,0.5973715651135006,1.1947431302270013,0.0,0.0,0.5973715651135006,0.5973715651135006,0.5973715651135006,0.0,0.5973715651135006,0.0,0.0,0.0,0.0,0.0,1.674,0.0,0,1,0,0,0,Unreliable,0.98322856,e2794174-d7c8-43be-8c6b-ff02c7c6f971#b4ec1d09-ca60-483a-bc6b-7f54a128bc20#14b390935,1470,Amounts -  11/11
6,1,9,1,1,1,0,0,2,2,1,0,1,0,0,0,0,0,3.4582132564841497,0.5763688760806917,5.187319884726224,0.5763688760806917,0.5763688760806917,0.5763688760806917,0.0,0.0,1.1527377521613833,1.1527377521613833,0.5763688760806917,0.0,0.5763688760806917,0.0,0.0,0.0,0.0,0.0,1.735,0.0,0,1,0,0,0,Unreliable,0.9729845,f154f727-0826-41ca-a2da-1b3cfcfc447f#5c0a696a-a041-4f68-abab-b0c879a7602b#107230b4e,1470,Amounts -  6/11
6,1,11,1,1,1,0,0,2,2,2,0,2,0,0,0,0,1,3.078501795792714,0.513083632632119,5.643919958953309,0.513083632632119,0.513083632632119,0.513083632632119,0.0,0.0,1.026167265264238,1.026167265264238,1.026167265264238,0.0,1.026167265264238,0.0,0.0,0.0,0.0,0.513083632632119,1.949,0.0,0,1,0,0,0,Unreliable,0.98976153,3b3c794e-1477-4d6c-aeaf-8f6c189c55ab#bffa5848-33a3-4d5c-b9b2-69d910b2f884#14b390935,1470,Amounts -  9/10
26,2,63,3,3,3,0,0,5,5,22,0,22,0,34,0,5,24,1.7051416579223506,0.1311647429171039,4.131689401888773,0.1967471143756558,0.1967471143756558,0.1967471143756558,0.0,0.0,0.3279118572927597,0.3279118572927597,1.4428121720881428,0.0,1.4428121720881428,0.0,2.229800629590766,0.0,0.3279118572927597,1.5739769150052467,15.248,0.0,0,1,0,0,0,Unreliable,0.999897,f154f727-0826-41ca-a2da-1b3cfcfc447f#39149e24-3818-4837-bca8-4fd442709ebe#107230b4e,1470,Amounts -  1/11
6,1,8,1,1,2,0,0,1,1,1,0,1,0,0,0,0,0,3.2485110990795887,0.5414185165132648,4.331348132106118,0.5414185165132648,0.5414185165132648,1.0828370330265296,0.0,0.0,0.5414185165132648,0.5414185165132648,0.5414185165132648,0.0,0.5414185165132648,0.0,0.0,0.0,0.0,0.0,1.847,0.0,0,1,0,0,0,Unreliable,0.98622733,f154f727-0826-41ca-a2da-1b3cfcfc447f#39149e24-3818-4837-bca8-4fd442709ebe#107230b4e,1470,Amounts -  11/11
7,0,11,1,1,1,0,0,2,2,2,0,2,0,0,0,0,2,3.054101221640489,0.0,4.799301919720769,0.4363001745200698,0.4363001745200698,0.4363001745200698,0.0,0.0,0.8726003490401397,0.8726003490401397,0.8726003490401397,0.0,0.8726003490401397,0.0,0.0,0.0,0.0,0.8726003490401397,2.292,0.0,0,1,0,0,0,Unreliable,0.99143714,e2794174-d7c8-43be-8c6b-ff02c7c6f971#b4ec1d09-ca60-483a-bc6b-7f54a128bc20#14b390935,1470,Amounts -  4/11
720,20,11,2,2,3,0,0,2,2,0,0,0,0,8,0,12,0,40.89282671664679,1.1359118532401886,0.6247515192821037,0.1135911853240188,0.1135911853240188,0.1703867779860283,0.0,0.0,0.1135911853240188,0.1135911853240188,0.0,0.0,0.0,0.0,0.4543647412960754,0.0,0.6815471119441132,0.0,17.607,0.0,0,0,0,0,1,Unreliable,0.997456,3NRZ1LDP7WITWMWHJPDAJ0I1ZEIPZH#6f1f4305-0c2a-4ec0-848f-24230a894b4f#1A3TGM0IDC0E76S,971,Your Task
787,19,12,2,2,4,0,0,2,2,0,0,0,0,7,0,12,0,57.98275989095999,1.399837913504752,0.8841081558977382,0.1473513593162896,0.1473513593162896,0.2947027186325793,0.0,0.0,0.1473513593162896,0.1473513593162896,0.0,0.0,0.0,0.0,0.5157297576070139,0.0,0.8841081558977382,0.0,13.573,0.0,0,0,0,0,1,Unreliable,0.9973508,33EEIIWHK7JXNESMI53WYZVFFEXQV1#d093934c-df37-441d-ab7f-d0bcb389b9fb#1AJE69B5L97YTA,971,Your Task
209,9,11,2,2,3,0,0,2,2,0,0,0,0,7,0,26,0,49.03801032379165,2.1116846550915067,2.580947911778508,0.4692632566870015,0.4692632566870015,0.7038948850305022,0.0,0.0,0.4692632566870015,0.4692632566870015,0.0,0.0,0.0,0.0,1.642421398404505,0.0,6.100422336931019,0.0,4.262,0.0,0,0,0,0,1,Unreliable,0.98680484,3Y3N5A7N4GLN6TPZVNJZOPF4NUUMYB#e1ad5a62-f252-40b7-8c54-616b30bf250c#1AK7HO57M0YCUS,971,Your Task
1032,4,7,1,1,3,0,0,1,1,0,0,0,0,3,0,6,0,431.6185696361358,1.6729401923881233,2.9276453366792157,0.4182350480970308,0.4182350480970308,1.2547051442910926,0.0,0.0,0.4182350480970308,0.4182350480970308,0.0,0.0,0.0,0.0,1.2547051442910926,0.0,2.509410288582185,0.0,2.3909999999999982,40.459,0,0,0,0,1,Unreliable,0.999683,3B0MCRZMBR6ZIIUBWGF8S2GNOVBPPR#292fd1f4-e18d-4e5b-abd5-386a11dfe015#1A1LOREA4OBHB9I,971,Your Task
40,19,11,2,2,3,0,0,2,2,0,0,0,0,8,0,15,0,2.779708130646282,1.320361362056984,0.7644197359277276,0.1389854065323141,0.1389854065323141,0.2084781097984711,0.0,0.0,0.1389854065323141,0.1389854065323141,0.0,0.0,0.0,0.0,0.5559416261292565,0.0,1.0423905489923555,0.0,14.39,0.0,0,0,0,0,1,Unreliable,0.9965737,3YO4AH2FPDWHUDR6F8F7D65PLIL0QK#49dad96b-dc83-4280-a348-2fb8c83945e3#1A2S1A0O33V5T0X,971,Your Task
13430,23,39,8,8,10,0,1,6,6,0,0,0,0,8,0,17,0,514.1457065196583,0.8805175912101372,1.4930515677041456,0.3062669882470042,0.3062669882470042,0.3828337353087552,0.0,0.0382833735308755,0.2297002411852531,0.2297002411852531,0.0,0.0,0.0,0.0,0.3062669882470042,0.0,0.650817350024884,0.0,26.12100000000001,212.268,0,0,0,0,1,Unreliable,0.9999988,379OL9DBSSQ8Z9656EFUJ39KNVU9Y6#71fdfc6a-124c-4687-8973-c2a5a9f732ab#1AK7HO57M0YCUS,971,Your Task
345,10,15,3,3,3,0,0,3,3,0,0,0,0,1,0,15,0,63.1983879831471,1.8318373328448432,2.747755999267265,0.549551199853453,0.549551199853453,0.549551199853453,0.0,0.0,0.549551199853453,0.549551199853453,0.0,0.0,0.0,0.0,0.1831837332844843,0.0,2.747755999267265,0.0,5.459,10.038,0,0,0,0,1,Unreliable,0.9912726,302OLP89DZJ91PF52SB5I7SLQQ3ACP#594cdb32-c378-4d00-958d-2eb23508919d#1A3I54E110Y5TI6,971,Your Task
219,5,6,1,1,2,0,0,1,1,0,0,0,0,9,0,5,0,63.75545851528384,1.455604075691412,1.7467248908296944,0.2911208151382823,0.2911208151382823,0.5822416302765647,0.0,0.0,0.2911208151382823,0.2911208151382823,0.0,0.0,0.0,0.0,2.620087336244542,0.0,1.455604075691412,0.0,3.435,0.0,0,0,0,0,1,Unreliable,0.98834246,3XBXDSS888VE06H4QFWI5YT6LJ8LX0#14b704de-9804-4d46-9d7f-4b7f121708ec#1A24SPGECGCJGS1,971,Your Task
915,27,16,3,3,4,0,0,3,3,0,0,0,0,14,0,24,0,57.36317472258792,1.6926838442730865,1.0030719077173844,0.1880759826970096,0.1880759826970096,0.2507679769293461,0.0,0.0,0.1880759826970096,0.1880759826970096,0.0,0.0,0.0,0.0,0.8776879192527114,0.0,1.5046078615760767,0.0,15.951,0.0,0,0,0,0,1,Unreliable,0.99658763,3OCZWXS7ZOJ5YNXUK9DNDF2MSK9L51#e6526a6e-c4c0-44c6-bf13-5dc126b8c1e4#1A24SPGECGCJGS1,971,Your Task
1168,15,15,3,3,3,0,0,3,3,0,0,0,0,6,0,15,0,109.84670365842187,1.41070252985987,1.41070252985987,0.282140505971974,0.282140505971974,0.282140505971974,0.0,0.0,0.282140505971974,0.282140505971974,0.0,0.0,0.0,0.0,0.5642810119439481,0.0,1.41070252985987,0.0,10.633,12.007,0,0,0,0,1,Unreliable,0.9960704,3N5YJ55YXGFSSTCWRIKJYIMXPU6NA9#05ecb754-d1ee-4595-8f1f-901e0eb515e9#1A3I54E110Y5TI6,971,Your Task
2213,4,6,1,1,2,0,0,1,1,0,0,0,0,1,0,5,0,1237.0039128004462,2.2358859698155378,3.353828954723306,0.5589714924538844,0.5589714924538844,1.1179429849077689,0.0,0.0,0.5589714924538844,0.5589714924538844,0.0,0.0,0.0,0.0,0.5589714924538844,0.0,2.7948574622694218,0.0,1.7890000000000017,92.514,0,0,0,0,1,Unreliable,1.0,3YO4AH2FPDWHUDR6F8F7D65PM3MQ0I#9a5ea349-c5ac-474f-aa80-acc4aceca59a#1A2N763N3507RFA,971,Your Task
394,15,11,2,2,3,0,0,2,2,0,0,0,0,8,0,19,0,41.123056048429184,1.5655985805239538,1.148105625717566,0.2087464774031938,0.2087464774031938,0.3131197161047907,0.0,0.0,0.2087464774031938,0.2087464774031938,0.0,0.0,0.0,0.0,0.8349859096127753,0.0,1.983091535330341,0.0,9.581,0.0,0,0,0,0,1,Unreliable,0.9955114,3W5PY7V3UPJX5LJESQ678XNNJ03YJN#f86455bb-76e5-454c-94ff-9219d4ae1190#1A24SPGECGCJGS1,971,Your Task
1705,12,15,3,3,3,0,0,3,3,0,0,0,0,3,0,13,0,218.17018554062696,1.5355086372360842,1.919385796545105,0.383877159309021,0.383877159309021,0.383877159309021,0.0,0.0,0.383877159309021,0.383877159309021,0.0,0.0,0.0,0.0,0.383877159309021,0.0,1.6634676903390913,0.0,7.815000000000001,20.092,0,0,0,0,1,Unreliable,0.9982516,3L1EFR8WWTH2ZIPA1ON6UI24HLD9FK#9e8caee8-318e-4658-953a-23d5ac737b43#1A3OG6R3VGQA3QN,971,Your Task
2253,16,17,4,4,3,0,0,3,3,0,0,0,0,3,0,16,0,220.68762856303263,1.5672445881085315,1.665197374865315,0.3918111470271329,0.3918111470271329,0.2938583602703497,0.0,0.0,0.2938583602703497,0.2938583602703497,0.0,0.0,0.0,0.0,0.2938583602703497,0.0,1.5672445881085315,0.0,10.209,27.431,0,0,0,0,1,Unreliable,0.99863666,3A9LA2FRWSQCEAYEZUHKD60Z439HX1#79f6b47f-fb3a-4206-9261-f2db799503c3#1A3I54E110Y5TI6,971,Your Task
224,11,11,2,2,3,0,0,2,2,0,0,0,0,5,0,19,0,37.96610169491525,1.8644067796610169,1.8644067796610169,0.3389830508474576,0.3389830508474576,0.5084745762711864,0.0,0.0,0.3389830508474576,0.3389830508474576,0.0,0.0,0.0,0.0,0.847457627118644,0.0,3.2203389830508473,0.0,5.9,0.0,0,0,0,0,1,Unreliable,0.9933402,3YKP7CX6G2R88IP1HP3QXWKD7WPB7I#51c70bbc-2bea-4748-84c1-56b872ce23ba#1AJE69B5L97YTA,971,Your Task
649,11,15,3,3,3,0,0,3,3,0,0,0,0,2,0,13,0,40.99292572006063,0.6947953511874684,0.9474482061647296,0.1894896412329459,0.1894896412329459,0.1894896412329459,0.0,0.0,0.1894896412329459,0.1894896412329459,0.0,0.0,0.0,0.0,0.1263264274886306,0.0,0.821121778676099,0.0,15.832,0.0,0,0,0,0,1,Unreliable,0.9967205,3HKIF5DF6Y98DIL5C8TOC32GI05G9I#d31680ab-85ff-4b8f-916b-c440a935e62f#1A3I54E110Y5TI6,971,Your Task
47,11,11,2,2,3,0,0,2,2,0,0,0,0,7,0,15,0,6.216108980293611,1.454834016664462,1.454834016664462,0.2645152757571749,0.2645152757571749,0.3967729136357624,0.0,0.0,0.2645152757571749,0.2645152757571749,0.0,0.0,0.0,0.0,0.9258034651501122,0.0,1.983864568178812,0.0,7.561000000000002,13.216,0,0,0,0,1,Unreliable,0.99042726,3H6W48L9F41P2RRC82T3KWOJICJPWW#c4638875-4f4a-4292-afef-b6fc0e30681f#1A2N763N3507RFA,971,Your Task
1259,23,29,6,6,6,0,1,5,5,0,0,0,0,13,0,20,0,57.34979273903339,1.0476927982508086,1.321003963011889,0.2733111647610804,0.2733111647610804,0.2733111647610804,0.0,0.0455518607935134,0.227759303967567,0.227759303967567,0.0,0.0,0.0,0.0,0.5921741903156744,0.0,0.9110372158702684,0.0,21.953,0.0,0,0,0,0,1,Unreliable,0.9964754,38Z7YZ2SB3ES188MJY4DJA5L7D0QI5#c7f6a03b-1364-43aa-b7a7-eaf28e3c914f#1A3OG6R3VGQA3QN,971,Your Task
1159,18,22,4,4,5,0,1,4,4,0,0,0,0,2,0,12,0,71.92949792093341,1.117110407745299,1.365357165022032,0.2482467572767331,0.2482467572767331,0.3103084465959163,0.0,0.0620616893191832,0.2482467572767331,0.2482467572767331,0.0,0.0,0.0,0.0,0.1241233786383665,0.0,0.7447402718301992,0.0,16.113,12.051,0,0,0,0,1,Unreliable,0.9979413,3P0I4CQYVYJ7HRFBT2GOVWJT7NOWOI#0062260f-e9be-4973-9594-1b2fb14c71c2#1A3OG6R3VGQA3QN,971,Your Task
369,11,11,2,2,3,0,0,2,2,0,0,0,0,17,0,16,0,59.80551053484603,1.7828200972447326,1.7828200972447326,0.3241491085899514,0.3241491085899514,0.4862236628849271,0.0,0.0,0.3241491085899514,0.3241491085899514,0.0,0.0,0.0,0.0,2.755267423014587,0.0,2.593192868719611,0.0,6.17,0.0,0,0,0,0,1,Unreliable,0.9903619,3AC6MFV69KU1J5YT0C55ARGAC2VZH2#de497ac5-297b-4cb2-9cd3-e847abc41ad6#1AK7HO57M0YCUS,971,Your Task
512,15,12,2,2,4,0,0,2,2,0,0,0,0,6,0,13,0,39.345270114500885,1.152693460385768,0.9221547683086144,0.153692461384769,0.153692461384769,0.3073849227695381,0.0,0.0,0.153692461384769,0.153692461384769,0.0,0.0,0.0,0.0,0.4610773841543072,0.0,0.999000999000999,0.0,13.013,0.0,0,0,0,0,1,Unreliable,0.99669254,3L55D8AUFA9AX7D8IYPLLTASTGOYC3#2d458cb8-c4e9-402f-ba20-62f98fe5b5f5#1AK7HO57M0YCUS,971,Your Task
153,6,6,1,1,2,0,0,1,1,0,0,0,0,6,0,5,0,52.577319587628864,2.061855670103093,2.061855670103093,0.3436426116838488,0.3436426116838488,0.6872852233676976,0.0,0.0,0.3436426116838488,0.3436426116838488,0.0,0.0,0.0,0.0,2.061855670103093,0.0,1.718213058419244,0.0,2.91,0.0,0,0,0,0,1,Unreliable,0.9924884,3KWGG5KP6JEA3QOUZV1ARYNLK7LCM4#0fbf1951-163e-4f82-8dc7-92810370b727#1A1LOREA4OBHB9I,971,Your Task
48,25,54,9,9,10,0,0,13,13,0,0,0,0,8,0,9,0,2.9715842258404015,1.547700117625209,3.343032254070452,0.5571720423450752,0.5571720423450752,0.6190800470500836,0.0,0.0,0.8048040611651087,0.8048040611651087,0.0,0.0,0.0,0.0,0.4952640376400669,0.0,0.5571720423450752,0.0,16.153,0.0,0,0,1,0,0,Unreliable,0.9656681,3EAWOID6MT99ZLNN179HJT4X28TV0Y#e2dd3728-a4e5-41c8-83d0-9c3cd6bfb380#1A1VOZRZINYXSIE,1468,Dates -  5/5
50,28,64,11,11,11,0,1,15,15,0,0,0,0,11,0,8,0,2.593495513252762,1.4523574874215468,3.3196742569635354,0.5705690129156077,0.5705690129156077,0.5705690129156077,0.0,0.0518699102650552,0.7780486539758287,0.7780486539758287,0.0,0.0,0.0,0.0,0.5705690129156077,0.0,0.4149592821204419,0.0,19.279,0.0,0,0,1,0,0,Unreliable,0.98745257,36BTXXLZ2VKY52O7BOR9UZ57Y7O4R8#69ff9fde-562e-4595-8f0e-25625bd1e204#1A2ZYAEBSSNJ3GL,1468,Dates -  4/5
50,24,40,7,7,8,0,0,9,9,0,0,0,0,20,0,6,0,2.712379299121189,1.3019420635781709,2.169903439296951,0.3797331018769664,0.3797331018769664,0.4339806878593902,0.0,0.0,0.488228273841814,0.488228273841814,0.0,0.0,0.0,0.0,1.0849517196484757,0.0,0.3254855158945426,0.0,18.434,0.0,0,0,1,0,0,Unreliable,0.9672688,36BTXXLZ2VKY52O7BOR9UZ57Y7O4R8#69ff9fde-562e-4595-8f0e-25625bd1e204#1A2ZYAEBSSNJ3GL,1468,Dates -  5/5
185,45,67,11,11,11,0,0,17,17,0,0,0,0,38,0,12,0,5.708114779389075,1.3884603517432887,2.0672631903733407,0.3394014193150261,0.3394014193150261,0.3394014193150261,0.0,0.0,0.5245294662141312,0.5245294662141312,0.0,0.0,0.0,0.0,1.1724776303609994,0.0,0.3702560937982103,0.0,32.41000000000001,98.426,0,0,1,0,0,Unreliable,0.9634075,33P2GD6NRN46UAZ70B2VNCSX8KHKHI#34909fed-ef76-4f3d-8a02-3d29985f9d31#1A2ZYAEBSSNJ3GL,1468,Dates -  1/5
48,22,63,11,11,11,0,0,15,15,0,0,0,0,7,0,8,0,3.616364047314097,1.6575001883522942,4.7464778120997515,0.8287500941761471,0.8287500941761471,0.8287500941761471,0.0,0.0,1.1301137647856552,1.1301137647856552,0.0,0.0,0.0,0.0,0.527386423566639,0.0,0.602727341219016,0.0,13.273,0.0,0,0,1,0,0,Unreliable,0.94448406,3H781YYV6TUTDJYS4J8H30IGZHFTEG#4aa26af3-8cab-4dfa-b00d-5cd245626d1e#1A2ZYAEBSSNJ3GL,1468,Dates -  3/5
79,35,43,7,7,7,0,0,11,11,0,0,0,0,23,0,8,0,3.232802717191144,1.4322543683758235,1.7596267954331546,0.2864508736751647,0.2864508736751647,0.2864508736751647,0.0,0.0,0.4501370872038302,0.4501370872038302,0.0,0.0,0.0,0.0,0.9411957277898269,0.0,0.3273724270573311,0.0,24.437,21.651,0,0,1,0,0,Unreliable,0.9790242,36BTXXLZ2VKY52O7BOR9UZ57Y7O4R8#69ff9fde-562e-4595-8f0e-25625bd1e204#1A2ZYAEBSSNJ3GL,1468,Dates -  3/5
43,18,43,7,7,7,0,0,11,11,0,0,0,0,7,0,7,0,3.8379150303463048,1.606569082470546,3.8379150303463048,0.6247768654052124,0.6247768654052124,0.6247768654052124,0.0,0.0,0.9817922170653336,0.9817922170653336,0.0,0.0,0.0,0.0,0.6247768654052124,0.0,0.6247768654052124,0.0,11.204,0.0,0,0,1,0,0,Unreliable,0.9398738,33P2GD6NRN46UAZ70B2VNCSX8KHKHI#34909fed-ef76-4f3d-8a02-3d29985f9d31#1A2ZYAEBSSNJ3GL,1468,Dates -  2/5
69,25,55,9,9,9,0,0,14,14,0,0,0,0,7,0,9,0,4.377339338958321,1.5859925141153337,3.489183531053734,0.5709573050815201,0.5709573050815201,0.5709573050815201,0.0,0.0,0.8881558079045868,0.8881558079045868,0.0,0.0,0.0,0.0,0.4440779039522934,0.0,0.5709573050815201,0.0,15.762999999999998,39.094,0,0,1,0,0,Unreliable,0.9462222,36BTXXLZ2VKY52O7BOR9UZ57Y7O4R8#69ff9fde-562e-4595-8f0e-25625bd1e204#1A2ZYAEBSSNJ3GL,1468,Dates -  2/5
45,20,42,7,7,8,0,0,10,10,0,0,0,0,7,0,8,0,3.620564808110065,1.6091399147155845,3.3791938209027275,0.5631989701504546,0.5631989701504546,0.6436559658862337,0.0,0.0,0.8045699573577922,0.8045699573577922,0.0,0.0,0.0,0.0,0.5631989701504546,0.0,0.6436559658862337,0.0,12.429,0.0,0,0,1,0,0,Unreliable,0.9579271,33P2GD6NRN46UAZ70B2VNCSX8KHKHI#34909fed-ef76-4f3d-8a02-3d29985f9d31#1A2ZYAEBSSNJ3GL,1468,Dates -  5/5
49,24,55,9,9,9,0,0,14,14,0,0,0,0,6,0,11,0,2.902671642675197,1.4217167229429537,3.258100823410935,0.5331437711036076,0.5331437711036076,0.5331437711036076,0.0,0.0,0.8293347550500563,0.8293347550500563,0.0,0.0,0.0,0.0,0.3554291807357384,0.0,0.6516201646821871,0.0,16.881,0.0,0,0,1,0,0,Unreliable,0.957595,36BTXXLZ2VKY52O7BOR9UZ57Y7O4R8#69ff9fde-562e-4595-8f0e-25625bd1e204#1A2ZYAEBSSNJ3GL,1468,Dates -  1/5
424,29,50,8,8,8,0,0,13,13,0,0,0,0,37,0,11,0,19.223793978962657,1.314834965542257,2.2669568371418225,0.3627130939426916,0.3627130939426916,0.3627130939426916,0.0,0.0,0.5894087776568738,0.5894087776568738,0.0,0.0,0.0,0.0,1.6775480594849488,0.0,0.4987305041712009,0.0,22.055999999999983,357.225,0,0,1,0,0,Unreliable,0.91841763,3H781YYV6TUTDJYS4J8H30IGZHFTEG#4aa26af3-8cab-4dfa-b00d-5cd245626d1e#1A2ZYAEBSSNJ3GL,1468,Dates -  1/5
197,22,53,9,9,9,0,0,13,13,0,0,0,0,7,0,13,0,12.037885731744591,1.3443324167430508,3.238619003971895,0.5499541704857935,0.5499541704857935,0.5499541704857935,0.0,0.0,0.7943782462572573,0.7943782462572573,0.0,0.0,0.0,0.0,0.4277421326000616,0.0,0.7943782462572573,0.0,16.36499999999998,148.002,0,0,1,0,0,Unreliable,0.84344304,3H781YYV6TUTDJYS4J8H30IGZHFTEG#4aa26af3-8cab-4dfa-b00d-5cd245626d1e#1A2ZYAEBSSNJ3GL,1468,Dates -  2/5
46,20,55,9,9,9,0,0,14,14,0,0,0,0,4,0,8,0,3.133941953944679,1.362583458236817,3.7471045101512463,0.6131625562065676,0.6131625562065676,0.6131625562065676,0.0,0.0,0.953808420765772,0.953808420765772,0.0,0.0,0.0,0.0,0.2725166916473633,0.0,0.5450333832947267,0.0,14.678,0.0,0,0,1,0,0,Unreliable,0.93689317,3EAWOID6MT99ZLNN179HJT4X28TV0Y#e2dd3728-a4e5-41c8-83d0-9c3cd6bfb380#1A1VOZRZINYXSIE,1468,Dates -  4/5
47,25,60,10,10,10,0,0,15,15,0,0,0,0,7,0,8,0,3.2373605179776828,1.722000275520044,4.132800661248106,0.6888001102080176,0.6888001102080176,0.6888001102080176,0.0,0.0,1.0332001653120264,1.0332001653120264,0.0,0.0,0.0,0.0,0.4821600771456123,0.0,0.551040088166414,0.0,14.518,0.0,0,0,1,0,0,Unreliable,0.96242356,33P2GD6NRN46UAZ70B2VNCSX8KHKHI#34909fed-ef76-4f3d-8a02-3d29985f9d31#1A2ZYAEBSSNJ3GL,1468,Dates -  3/5
85,31,63,11,11,11,0,0,15,15,0,0,0,0,1,0,21,0,2.626212692331459,0.957795217203238,1.9464870543162576,0.3398628190076005,0.3398628190076005,0.3398628190076005,0.0,0.0,0.463449298646728,0.463449298646728,0.0,0.0,0.0,0.0,0.0308966199097818,0.0,0.6488290181054193,0.0,32.366,0.0,0,0,1,0,0,Unreliable,0.97719145,33P2GD6NRN46UAZ70B2VNCSX8KHKHI#34909fed-ef76-4f3d-8a02-3d29985f9d31#1A2ZYAEBSSNJ3GL,1468,Dates -  4/5
51,28,55,9,9,9,0,0,14,14,0,0,0,0,7,0,8,0,2.6279177616324008,1.4427783789354356,2.8340289586231773,0.4637501932292471,0.4637501932292471,0.4637501932292471,0.0,0.0,0.7213891894677178,0.7213891894677178,0.0,0.0,0.0,0.0,0.3606945947338589,0.0,0.412222393981553,0.0,19.407,0.0,0,0,1,0,0,Unreliable,0.9747025,3EAWOID6MT99ZLNN179HJT4X28TV0Y#e2dd3728-a4e5-41c8-83d0-9c3cd6bfb380#1A1VOZRZINYXSIE,1468,Dates -  3/5
42,18,42,7,7,8,0,0,10,10,0,0,0,0,7,0,7,0,3.551196414982667,1.5219413207068573,3.551196414982667,0.5918660691637778,0.5918660691637778,0.6764183647586032,0.0,0.0,0.845522955948254,0.845522955948254,0.0,0.0,0.0,0.0,0.5918660691637778,0.0,0.5918660691637778,0.0,11.827,0.0,0,0,1,0,0,Unreliable,0.94486046,3H781YYV6TUTDJYS4J8H30IGZHFTEG#4aa26af3-8cab-4dfa-b00d-5cd245626d1e#1A2ZYAEBSSNJ3GL,1468,Dates -  5/5
68,30,72,12,12,12,0,0,18,18,0,0,0,0,5,0,18,0,2.739946812797163,1.2088000644693366,2.9011201547264083,0.4835200257877347,0.4835200257877347,0.4835200257877347,0.0,0.0,0.7252800386816021,0.7252800386816021,0.0,0.0,0.0,0.0,0.2014666774115561,0.0,0.7252800386816021,0.0,24.818,0.0,0,0,1,0,0,Unreliable,0.967196,3EAWOID6MT99ZLNN179HJT4X28TV0Y#e2dd3728-a4e5-41c8-83d0-9c3cd6bfb380#1A1VOZRZINYXSIE,1468,Dates -  2/5
67,38,79,13,13,13,0,0,20,20,0,0,0,0,6,0,14,0,2.720259845716606,1.5428339423467317,3.2074705643524157,0.5278116118554609,0.5278116118554609,0.5278116118554609,0.0,0.0,0.8120178643930167,0.8120178643930167,0.0,0.0,0.0,0.0,0.243605359317905,0.0,0.5684125050751117,0.0,24.63,0.0,0,0,1,0,0,Unreliable,0.9837916,3EAWOID6MT99ZLNN179HJT4X28TV0Y#e2dd3728-a4e5-41c8-83d0-9c3cd6bfb380#1A1VOZRZINYXSIE,1468,Dates -  1/5
65,27,57,10,10,9,0,0,14,14,0,0,0,0,7,0,9,0,3.595331600199126,1.4934454339288676,3.1528292494053876,0.5531279384921732,0.5531279384921732,0.4978151446429559,0.0,0.0,0.7743791138890425,0.7743791138890425,0.0,0.0,0.0,0.0,0.3871895569445212,0.0,0.4978151446429559,0.0,18.079,0.0,0,0,1,0,0,Unreliable,0.9701694,3H781YYV6TUTDJYS4J8H30IGZHFTEG#4aa26af3-8cab-4dfa-b00d-5cd245626d1e#1A2ZYAEBSSNJ3GL,1468,Dates -  4/5
68,7,24,1,1,2,0,0,10,10,0,0,0,0,0,0,23,0,4.300259280338961,0.4426737494466577,1.517738569531398,0.0632391070638082,0.0632391070638082,0.1264782141276165,0.0,0.0,0.6323910706380825,0.6323910706380825,0.0,0.0,0.0,0.0,0.0,0.0,1.45449946246759,0.0,15.813,0.0,0,0,1,0,0,Unreliable,0.95438987,c2df7e16-dc0a-4a52-9c83-8e9bea31583c#129575b5-7527-4e97-a767-5582b9712759#165f4615b,1470,Dates -  1/5
130,7,79,7,7,7,0,0,16,16,13,0,13,0,28,1,31,13,2.431815630962625,0.1309439185902952,1.477795652661903,0.1309439185902952,0.1309439185902952,0.1309439185902952,0.0,0.0,0.2993003853492461,0.2993003853492461,0.2431815630962625,0.0,0.2431815630962625,0.0,0.5237756743611808,0.0187062740843278,0.5798944966141644,0.2431815630962625,53.458,0.0,0,0,1,0,0,Unreliable,0.89027876,7575645c-2e83-48f1-9195-1b0650fdb63d#02e55d51-81a8-4d64-9e3e-df122715d5e6#144eca966,1470,Dates -  1/5
76,2,28,1,1,2,0,0,12,12,0,0,0,0,0,0,29,0,5.661923564031886,0.1489979885271548,2.0859718393801683,0.0744989942635774,0.0744989942635774,0.1489979885271548,0.0,0.0,0.8939879311629293,0.8939879311629293,0.0,0.0,0.0,0.0,0.0,0.0,2.1604708336437457,0.0,13.423,0.0,0,0,1,0,0,Unreliable,0.9209602,4e19922c-9f08-4e84-b099-e32a19360a4b#243c5e1a-5532-4a77-9efa-f675672ed27f#165f4615b,1470,Dates -  2/5
24,3,29,3,3,3,0,0,5,5,5,0,5,0,0,0,6,3,4.014720642355303,0.5018400802944128,4.851120776179324,0.5018400802944128,0.5018400802944128,0.5018400802944128,0.0,0.0,0.8364001338240215,0.8364001338240215,0.8364001338240215,0.0,0.8364001338240215,0.0,0.0,0.0,1.0036801605888257,0.5018400802944128,5.978,0.0,0,0,1,0,0,Unreliable,0.96344125,f4e58e35-24e1-462e-a520-458abad293ac#f1c48334-b608-4be9-bea4-b2ed42d938a2#128afff59,1470,Dates -  3/5
35,4,39,4,4,5,0,0,5,5,8,0,8,0,4,0,6,6,4.679144385026738,0.53475935828877,5.213903743315508,0.53475935828877,0.53475935828877,0.6684491978609626,0.0,0.0,0.6684491978609626,0.6684491978609626,1.06951871657754,0.0,1.06951871657754,0.0,0.53475935828877,0.0,0.8021390374331551,0.8021390374331551,7.48,0.0,0,0,1,0,0,Unreliable,0.9932287,a72f7772-bc26-423a-bbeb-e5cc6b5d060f#a06692d7-e312-46be-94c3-bb7ad98d0403#1a6cef9e7,1470,Dates -  5/5
135,13,28,2,2,2,0,0,11,11,0,0,0,0,4,0,25,0,5.142269454919438,0.4951815030663162,1.0665447758351427,0.0761817697025101,0.0761817697025101,0.0761817697025101,0.0,0.0,0.418999733363806,0.418999733363806,0.0,0.0,0.0,0.0,0.1523635394050203,0.0,0.9522721212813774,0.0,26.253,42.045,0,0,1,0,0,Unreliable,0.95043504,0e8dcf63-27d1-431b-977f-d0ccbd156054#0309ab4b-f998-4ea5-9e98-157b715deccf#159d3c411,1470,Dates -  4/5
59,6,16,1,1,2,0,0,6,6,0,0,0,0,0,0,22,0,4.110638890824218,0.4180310736431408,1.1147495297150425,0.0696718456071901,0.0696718456071901,0.1393436912143802,0.0,0.0,0.4180310736431408,0.4180310736431408,0.0,0.0,0.0,0.0,0.0,0.0,1.532780603358183,0.0,14.353,0.0,0,0,1,0,0,Unreliable,0.9698389,f4ba713d-d883-4cc5-a63c-458be1c6def5#145c9d3e-859d-446e-a2ff-464814fc6330#165f4615b,1470,Dates -  1/5
62,1,20,1,1,2,0,0,8,8,0,0,0,0,0,0,27,0,6.565710049772318,0.1058985491898761,2.1179709837975222,0.1058985491898761,0.1058985491898761,0.2117970983797522,0.0,0.0,0.8471883935190089,0.8471883935190089,0.0,0.0,0.0,0.0,0.0,0.0,2.8592608281266547,0.0,9.443,0.0,0,0,1,0,0,Unreliable,0.91993576,4e19922c-9f08-4e84-b099-e32a19360a4b#243c5e1a-5532-4a77-9efa-f675672ed27f#165f4615b,1470,Dates -  3/5
23,0,9,1,1,1,0,0,3,3,0,0,0,0,0,0,9,0,6.959152798789712,0.0,2.723146747352496,0.302571860816944,0.302571860816944,0.302571860816944,0.0,0.0,0.907715582450832,0.907715582450832,0.0,0.0,0.0,0.0,0.0,0.0,2.723146747352496,0.0,3.305,0.0,0,0,1,0,0,Unreliable,0.8182801,ccc43c59-6517-466d-960f-c4e6dd87a9c6#55b96be6-5a4e-4a59-8890-c9abc3ae7c91#1d00ee88f,1470,Dates -  2/5
21,3,29,3,3,3,0,0,5,5,5,0,5,0,0,0,5,3,3.7954093620097593,0.5422013374299657,5.2412795951563345,0.5422013374299657,0.5422013374299657,0.5422013374299657,0.0,0.0,0.9036688957166094,0.9036688957166094,0.9036688957166094,0.0,0.9036688957166094,0.0,0.0,0.0,0.9036688957166094,0.5422013374299657,5.533,0.0,0,0,1,0,0,Unreliable,0.9710703,fff6868-cca2-491b-b190-cbac13c201a5#cb124c9c-53ef-4166-9d09-066de0ba23bf#128afff59,1470,Dates -  3/5
25,4,8,1,1,2,0,0,2,2,0,0,0,0,2,0,9,0,4.887585532746823,0.7820136852394917,1.564027370478983,0.1955034213098729,0.1955034213098729,0.3910068426197458,0.0,0.0,0.3910068426197458,0.3910068426197458,0.0,0.0,0.0,0.0,0.3910068426197458,0.0,1.7595307917888563,0.0,5.115,0.0,0,0,1,0,0,Unreliable,0.9286097,e57fadd5-caf4-46aa-bb49-bf69baba59ae#82413acb-33d5-4d16-b7be-2e88909a3b24#1d00ee88f,1470,Dates -  5/5
98,4,47,5,5,5,0,0,8,8,8,0,8,0,2,1,17,5,8.960409618725427,0.3657310048459358,4.297339306939746,0.4571637560574197,0.4571637560574197,0.4571637560574197,0.0,0.0,0.7314620096918716,0.7314620096918716,0.7314620096918716,0.0,0.7314620096918716,0.0,0.1828655024229679,0.0914327512114839,1.554356770595227,0.4571637560574197,10.937,22.499,0,0,1,0,0,Unreliable,0.872847,67db3a45-ec32-470b-ae8e-618fc8a26f93#e786ff78-5ab1-4e03-b10f-a6899bef13fe#156e3244c,1470,Dates -  1/5
57,0,21,1,1,3,0,0,8,8,0,0,0,0,0,0,22,0,4.934637693706173,0.0,1.818024413470695,0.0865725911176521,0.0865725911176521,0.2597177733529564,0.0,0.0,0.6925807289412172,0.6925807289412172,0.0,0.0,0.0,0.0,0.0,0.0,1.9045970045883471,0.0,11.551,0.0,0,0,1,0,0,Unreliable,0.9325636,c2df7e16-dc0a-4a52-9c83-8e9bea31583c#129575b5-7527-4e97-a767-5582b9712759#165f4615b,1470,Dates -  3/5
37,3,39,4,4,5,0,0,5,5,8,0,8,0,6,0,6,5,4.227122129555581,0.3427396321261282,4.455615217639666,0.4569861761681709,0.4569861761681709,0.5712327202102137,0.0,0.0,0.5712327202102137,0.5712327202102137,0.9139723523363418,0.0,0.9139723523363418,0.0,0.6854792642522564,0.0,0.6854792642522564,0.5712327202102137,8.753,0.0,0,0,1,0,0,Unreliable,0.9861617,53724c31-4ac7-474d-987a-4b8e4797d72b#d5273666-4724-41aa-99d4-b399146ed2c4#1a6cef9e7,1470,Dates -  5/5
25,3,33,3,3,3,0,0,6,6,6,0,6,0,8,0,3,4,2.667520273154076,0.3201024327784891,3.5211267605633805,0.3201024327784891,0.3201024327784891,0.3201024327784891,0.0,0.0,0.6402048655569782,0.6402048655569782,0.6402048655569782,0.0,0.6402048655569782,0.0,0.8536064874093043,0.0,0.3201024327784891,0.4268032437046521,9.372,0.0,0,0,1,0,0,Unreliable,0.961112,75a03cee-03c6-46b9-aa25-ce1dd6f44d02#b7e31029-9170-44b4-bcef-6bdc768ff85f#1a93cd2fc,1470,Dates -  1/5
69,10,19,1,1,1,0,0,8,8,0,0,0,0,0,0,29,0,4.383735705209657,0.6353240152477764,1.2071156289707752,0.0635324015247776,0.0635324015247776,0.0635324015247776,0.0,0.0,0.5082592121982211,0.5082592121982211,0.0,0.0,0.0,0.0,0.0,0.0,1.842439644218551,0.0,15.74,0.0,0,0,1,0,0,Unreliable,0.97181195,a99ba0eb-2499-4f87-b500-ef5f73b564f5#eab0785a-958a-4f04-a00f-c31ffd307d80#1c4c8e87d,1470,Dates -  1/5
37,3,36,4,4,4,0,0,5,5,7,0,7,0,4,0,6,4,5.504314192204701,0.4462957453138946,5.355548943766736,0.5950609937518595,0.5950609937518595,0.5950609937518595,0.0,0.0,0.7438262421898244,0.7438262421898244,1.041356739065754,0.0,1.041356739065754,0.0,0.5950609937518595,0.0,0.8925914906277893,0.5950609937518595,6.722,0.0,0,0,1,0,0,Unreliable,0.98803675,3eb1a1c7-892e-42cb-8f69-ed2a4f80fa2a#2634ee60-f435-4eb1-8c1e-a14fac4dc5ca#1a6cef9e7,1470,Dates -  3/5
24,3,29,3,3,3,0,0,5,5,5,0,5,0,0,0,6,4,4.131520055086934,0.5164400068858668,4.992253399896712,0.5164400068858668,0.5164400068858668,0.5164400068858668,0.0,0.0,0.8607333448097779,0.8607333448097779,0.8607333448097779,0.0,0.8607333448097779,0.0,0.0,0.0,1.0328800137717336,0.6885866758478223,5.809,0.0,0,0,1,0,0,Unreliable,0.972649,fff6868-cca2-491b-b190-cbac13c201a5#cb124c9c-53ef-4166-9d09-066de0ba23bf#128afff59,1470,Dates -  2/5
78,1,23,1,1,3,0,0,9,9,0,0,0,0,0,0,31,0,3.855469329247194,0.0494290939647076,1.1368691611882753,0.0494290939647076,0.0494290939647076,0.1482872818941228,0.0,0.0,0.4448618456823686,0.4448618456823686,0.0,0.0,0.0,0.0,0.0,0.0,1.5323019129059363,0.0,20.231,0.0,0,0,1,0,0,Unreliable,0.9716005,f4ba713d-d883-4cc5-a63c-458be1c6def5#145c9d3e-859d-446e-a2ff-464814fc6330#165f4615b,1470,Dates -  4/5
24,2,29,3,3,3,0,0,6,6,4,0,4,0,0,0,7,1,4.301846208998029,0.358487184083169,5.198064169205951,0.5377307761247536,0.5377307761247536,0.5377307761247536,0.0,0.0,1.0754615522495072,1.0754615522495072,0.7169743681663381,0.0,0.7169743681663381,0.0,0.0,0.0,1.2547051442910917,0.1792435920415845,5.579,0.0,0,0,1,0,0,Unreliable,0.8867039,5c031903-1359-40cb-b274-160446001fa2#e265297b-ccd1-41aa-b545-c451aca77522#128afff59,1470,Dates -  1/5
87,8,26,2,2,2,0,0,10,10,0,0,0,0,6,0,26,0,4.6419805783801085,0.4268487888165617,1.3872585636538255,0.1067121972041404,0.1067121972041404,0.1067121972041404,0.0,0.0,0.5335609860207021,0.5335609860207021,0.0,0.0,0.0,0.0,0.3201365916124213,0.0,1.3872585636538255,0.0,18.742,13.529,0,0,1,0,0,Unreliable,0.910436,266d6458-fde5-4cde-b316-dc9db37f3b15#9b6334ed-b535-45a4-97f2-676ef8270184#159d3c411,1470,Dates -  3/5
54,5,20,1,1,4,0,0,7,7,0,0,0,0,3,0,16,0,4.753521126760564,0.4401408450704225,1.7605633802816902,0.0880281690140845,0.0880281690140845,0.352112676056338,0.0,0.0,0.6161971830985916,0.6161971830985916,0.0,0.0,0.0,0.0,0.2640845070422535,0.0,1.4084507042253522,0.0,11.36,0.0,0,0,1,0,0,Unreliable,0.9071173,f4ba713d-d883-4cc5-a63c-458be1c6def5#145c9d3e-859d-446e-a2ff-464814fc6330#165f4615b,1470,Dates -  5/5
41,4,45,5,5,5,0,0,8,8,7,0,7,0,0,0,7,5,3.873771730914588,0.3779289493575208,4.251700680272109,0.472411186696901,0.472411186696901,0.472411186696901,0.0,0.0,0.7558578987150416,0.7558578987150416,0.6613756613756614,0.0,0.6613756613756614,0.0,0.0,0.0,0.6613756613756614,0.472411186696901,10.584,0.0,0,0,1,0,0,Unreliable,0.94453084,63e61c0c-2bd4-4e92-bf3c-e09d8981e9a6#9b313caf-6128-478d-98c2-bbccf8208474#1d0e63d2c,1470,Dates -  3/5
22,3,29,3,3,3,0,0,5,5,5,0,5,0,0,0,6,3,3.706199460916442,0.5053908355795148,4.88544474393531,0.5053908355795148,0.5053908355795148,0.5053908355795148,0.0,0.0,0.8423180592991913,0.8423180592991913,0.8423180592991913,0.0,0.8423180592991913,0.0,0.0,0.0,1.0107816711590296,0.5053908355795148,5.936,0.0,0,0,1,0,0,Unreliable,0.96398884,f4e58e35-24e1-462e-a520-458abad293ac#f1c48334-b608-4be9-bea4-b2ed42d938a2#128afff59,1470,Dates -  2/5
76,3,47,3,3,3,0,0,11,11,8,0,8,0,16,1,22,7,2.311787072243346,0.091254752851711,1.429657794676806,0.091254752851711,0.091254752851711,0.091254752851711,0.0,0.0,0.3346007604562737,0.3346007604562737,0.2433460076045627,0.0,0.2433460076045627,0.0,0.4866920152091255,0.0304182509505703,0.6692015209125475,0.2129277566539923,32.875,0.0,0,0,1,0,0,Unreliable,0.82806623,7bb4ef56-9d9c-47e9-b286-166d34c31f8a#4ece1735-06fe-4f0e-b077-c1f08a3d3686#144eca966,1470,Dates -  1/5
60,0,23,1,1,3,0,0,9,9,0,0,0,0,0,0,21,0,5.353796734183992,0.0,2.0522887481038636,0.0892299455697332,0.0892299455697332,0.2676898367091996,0.0,0.0,0.8030695101275988,0.8030695101275988,0.0,0.0,0.0,0.0,0.0,0.0,1.873828856964397,0.0,11.207,0.0,0,0,1,0,0,Unreliable,0.9140642,f4ba713d-d883-4cc5-a63c-458be1c6def5#145c9d3e-859d-446e-a2ff-464814fc6330#165f4615b,1470,Dates -  3/5
25,0,9,1,1,1,0,0,3,3,0,0,0,0,0,0,9,0,8.153946510110893,0.0,2.935420743639922,0.3261578604044358,0.3261578604044358,0.3261578604044358,0.0,0.0,0.9784735812133072,0.9784735812133072,0.0,0.0,0.0,0.0,0.0,0.0,2.935420743639922,0.0,3.066,0.0,0,0,1,0,0,Unreliable,0.79260516,833dd017-d816-4960-ba97-77a0114d1cf9#41bcc566-ebcb-4863-8916-716e03f81d6d#1d00ee88f,1470,Dates -  3/5
27,4,36,3,3,4,0,0,5,5,8,0,8,0,0,0,6,6,3.790005614823133,0.5614823133071308,5.053340819764178,0.4211117349803481,0.4211117349803481,0.5614823133071308,0.0,0.0,0.7018528916339135,0.7018528916339135,1.1229646266142617,0.0,1.1229646266142617,0.0,0.0,0.0,0.8422234699606963,0.8422234699606963,7.124,0.0,0,0,1,0,0,Unreliable,0.9941307,f4e58e35-24e1-462e-a520-458abad293ac#f1c48334-b608-4be9-bea4-b2ed42d938a2#128afff59,1470,Dates -  5/5
61,1,23,1,1,1,0,0,10,10,0,0,0,0,0,0,28,0,7.913855734302024,0.1297353399065905,2.9839128178515826,0.1297353399065905,0.1297353399065905,0.1297353399065905,0.0,0.0,1.2973533990659056,1.2973533990659056,0.0,0.0,0.0,0.0,0.0,0.0,3.632589517384535,0.0,7.708,0.0,0,0,1,0,0,Unreliable,0.8628581,6b3a7717-dd2f-470e-9ad3-df0023fd82fe#9f0bafb3-d1b2-4722-adab-e4e4c25e8db7#1a3bf95eb,1470,Dates -  3/5
47,5,51,5,5,5,0,0,9,9,9,0,9,0,0,0,9,7,3.671875,0.390625,3.984375,0.390625,0.390625,0.390625,0.0,0.0,0.703125,0.703125,0.703125,0.0,0.703125,0.0,0.0,0.0,0.703125,0.546875,12.8,0.0,0,0,1,0,0,Unreliable,0.96286213,63e61c0c-2bd4-4e92-bf3c-e09d8981e9a6#9b313caf-6128-478d-98c2-bbccf8208474#1d0e63d2c,1470,Dates -  1/5
69,4,45,5,5,5,0,0,7,7,8,0,8,0,4,0,15,6,6.332017986601817,0.3670735064696705,4.129576947783794,0.4588418830870882,0.4588418830870882,0.4588418830870882,0.0,0.0,0.6423786363219235,0.6423786363219235,0.734147012939341,0.0,0.734147012939341,0.0,0.3670735064696705,0.0,1.3765256492612643,0.5506102597045058,10.897,0.0,0,0,1,0,0,Unreliable,0.960151,67db3a45-ec32-470b-ae8e-618fc8a26f93#e786ff78-5ab1-4e03-b10f-a6899bef13fe#156e3244c,1470,Dates -  4/5
74,12,19,1,1,1,0,0,8,8,0,0,0,0,0,0,29,0,6.926244852115313,1.1231748408835642,1.7783601647323102,0.0935979034069637,0.0935979034069637,0.0935979034069637,0.0,0.0,0.7487832272557096,0.7487832272557096,0.0,0.0,0.0,0.0,0.0,0.0,2.714339198801947,0.0,10.684,10.228,0,0,1,0,0,Unreliable,0.9548952,a99ba0eb-2499-4f87-b500-ef5f73b564f5#eab0785a-958a-4f04-a00f-c31ffd307d80#1c4c8e87d,1470,Dates -  4/5
21,3,29,3,3,3,0,0,5,5,5,0,5,0,0,0,5,3,4.377736085053159,0.6253908692933083,6.045445069835314,0.6253908692933083,0.6253908692933083,0.6253908692933083,0.0,0.0,1.0423181154888472,1.0423181154888472,1.0423181154888472,0.0,1.0423181154888472,0.0,0.0,0.0,1.0423181154888472,0.6253908692933083,4.797,0.0,0,0,1,0,0,Unreliable,0.9806019,f4e58e35-24e1-462e-a520-458abad293ac#f1c48334-b608-4be9-bea4-b2ed42d938a2#128afff59,1470,Dates -  4/5
56,0,20,1,1,2,0,0,8,8,0,0,0,0,0,0,24,0,4.930011444669425,0.0,1.7607183730962233,0.0880359186548111,0.0880359186548111,0.1760718373096223,0.0,0.0,0.7042873492384893,0.7042873492384893,0.0,0.0,0.0,0.0,0.0,0.0,2.112862047715468,0.0,11.359,0.0,0,0,1,0,0,Unreliable,0.93714,f4ba713d-d883-4cc5-a63c-458be1c6def5#145c9d3e-859d-446e-a2ff-464814fc6330#165f4615b,1470,Dates -  2/5
79,3,47,5,5,5,0,0,8,8,8,0,8,0,6,1,17,6,4.572817781893957,0.1736513081731882,2.720537161379949,0.2894188469553137,0.2894188469553137,0.2894188469553137,0.0,0.0,0.4630701551285019,0.4630701551285019,0.4630701551285019,0.0,0.4630701551285019,0.0,0.3473026163463765,0.0578837693910627,0.9840240796480668,0.3473026163463765,17.276,0.0,0,0,1,0,0,Unreliable,0.84696954,ee40bab5-0399-47e3-862c-30187c5e2bcd#0e7e8b45-285b-4c26-92ec-ca052860c918#156e3244c,1470,Dates -  1/5
25,3,30,3,3,4,0,0,5,5,5,0,5,0,0,0,6,4,4.25531914893617,0.5106382978723404,5.1063829787234045,0.5106382978723404,0.5106382978723404,0.6808510638297872,0.0,0.0,0.851063829787234,0.851063829787234,0.851063829787234,0.0,0.851063829787234,0.0,0.0,0.0,1.0212765957446808,0.6808510638297872,5.875,0.0,0,0,1,0,0,Unreliable,0.9708775,751f0dc4-9fc7-4a86-a597-e53b774ed6e0#7e6a82cf-ec05-4bd1-a787-1d7119936ba6#128afff59,1470,Dates -  5/5
52,4,38,4,4,4,0,0,6,6,7,0,7,0,4,0,9,4,4.552617755209245,0.3502013657853265,3.326912974960602,0.3502013657853265,0.3502013657853265,0.3502013657853265,0.0,0.0,0.5253020486779898,0.5253020486779898,0.6128523901243215,0.0,0.6128523901243215,0.0,0.3502013657853265,0.0,0.7879530730169847,0.3502013657853265,11.422,0.0,0,0,1,0,0,Unreliable,0.9435788,a72f7772-bc26-423a-bbeb-e5cc6b5d060f#a06692d7-e312-46be-94c3-bb7ad98d0403#1a6cef9e7,1470,Dates -  4/5
40,5,45,5,5,5,0,0,8,8,7,0,7,0,0,0,7,3,4.108463434675431,0.5135579293344289,4.62202136400986,0.5135579293344289,0.5135579293344289,0.5135579293344289,0.0,0.0,0.8216926869350862,0.8216926869350862,0.7189811010682005,0.0,0.7189811010682005,0.0,0.0,0.0,0.7189811010682005,0.3081347576006573,9.736,0.0,0,0,1,0,0,Unreliable,0.9416389,63e61c0c-2bd4-4e92-bf3c-e09d8981e9a6#9b313caf-6128-478d-98c2-bbccf8208474#1d0e63d2c,1470,Dates -  2/5
48,3,23,3,3,5,0,0,6,6,0,0,0,0,3,0,20,0,5.250492233646905,0.3281557646029315,2.5158608619558085,0.3281557646029315,0.3281557646029315,0.5469262743382193,0.0,0.0,0.6563115292058631,0.6563115292058631,0.0,0.0,0.0,0.0,0.3281557646029315,0.0,2.187705097352877,0.0,9.142,0.0,0,0,1,0,0,Unreliable,0.76129615,c2df7e16-dc0a-4a52-9c83-8e9bea31583c#129575b5-7527-4e97-a767-5582b9712759#165f4615b,1470,Dates -  5/5
72,3,32,2,2,2,0,0,9,9,4,0,4,0,5,0,25,3,2.8556696942053703,0.118986237258557,1.2691865307579422,0.0793241581723713,0.0793241581723713,0.0793241581723713,0.0,0.0,0.3569587117756713,0.3569587117756713,0.1586483163447427,0.0,0.1586483163447427,0.0,0.1983103954309285,0.0,0.9915519771546424,0.118986237258557,25.213,0.0,0,0,1,0,0,Unreliable,0.8875361,7575645c-2e83-48f1-9195-1b0650fdb63d#02e55d51-81a8-4d64-9e3e-df122715d5e6#144eca966,1470,Dates -  3/5
19,3,31,3,3,3,0,0,5,5,6,0,6,0,11,0,1,4,2.3744063984004,0.374906273431642,3.874031492126968,0.374906273431642,0.374906273431642,0.374906273431642,0.0,0.0,0.6248437890527367,0.6248437890527367,0.7498125468632841,0.0,0.7498125468632841,0.0,1.3746563359160209,0.0,0.1249687578105473,0.4998750312421894,8.002,0.0,0,0,1,0,0,Unreliable,0.98251855,75a03cee-03c6-46b9-aa25-ce1dd6f44d02#b7e31029-9170-44b4-bcef-6bdc768ff85f#1a93cd2fc,1470,Dates -  2/5
48,4,40,4,4,4,0,0,6,6,8,0,8,0,5,1,8,6,3.4329852667715635,0.286082105564297,2.86082105564297,0.286082105564297,0.286082105564297,0.286082105564297,0.0,0.0,0.4291231583464454,0.4291231583464454,0.572164211128594,0.0,0.572164211128594,0.0,0.3576026319553712,0.0715205263910742,0.572164211128594,0.4291231583464454,13.982,0.0,0,0,1,0,0,Unreliable,0.9077166,3eb1a1c7-892e-42cb-8f69-ed2a4f80fa2a#2634ee60-f435-4eb1-8c1e-a14fac4dc5ca#1a6cef9e7,1470,Dates -  1/5
22,3,35,3,3,3,0,0,5,5,8,0,8,0,14,0,1,7,2.585801598495534,0.3526093088857546,4.113775270333804,0.3526093088857546,0.3526093088857546,0.3526093088857546,0.0,0.0,0.5876821814762577,0.5876821814762577,0.9402914903620124,0.0,0.9402914903620124,0.0,1.6455101081335215,0.0,0.1175364362952515,0.8227550540667607,8.508,0.0,0,0,1,0,0,Unreliable,0.99580693,75a03cee-03c6-46b9-aa25-ce1dd6f44d02#b7e31029-9170-44b4-bcef-6bdc768ff85f#1a93cd2fc,1470,Dates -  4/5
32,2,29,3,3,3,0,0,6,6,4,0,4,0,0,0,8,1,3.19648386774548,0.1997802417340925,2.8968135051443413,0.2996703626011388,0.2996703626011388,0.2996703626011388,0.0,0.0,0.5993407252022775,0.5993407252022775,0.399560483468185,0.0,0.399560483468185,0.0,0.0,0.0,0.79912096693637,0.0998901208670462,10.011,0.0,0,0,1,0,0,Unreliable,0.8403997,fff6868-cca2-491b-b190-cbac13c201a5#cb124c9c-53ef-4166-9d09-066de0ba23bf#128afff59,1470,Dates -  1/5
38,3,36,4,4,4,0,0,5,5,7,0,7,0,1,0,7,4,4.976427448926139,0.392875851231011,4.714510214772132,0.5238344683080146,0.5238344683080146,0.5238344683080146,0.0,0.0,0.6547930853850183,0.6547930853850183,0.9167103195390256,0.0,0.9167103195390256,0.0,0.1309586170770036,0.0,0.9167103195390256,0.5238344683080146,7.636,0.0,0,0,1,0,0,Unreliable,0.9778106,53724c31-4ac7-474d-987a-4b8e4797d72b#d5273666-4724-41aa-99d4-b399146ed2c4#1a6cef9e7,1470,Dates -  2/5
69,3,11,1,1,1,0,0,4,4,0,0,0,0,2,0,10,0,7.822242376147824,0.3400974946151228,1.247024146922117,0.1133658315383742,0.1133658315383742,0.1133658315383742,0.0,0.0,0.453463326153497,0.453463326153497,0.0,0.0,0.0,0.0,0.2267316630767485,0.0,1.1336583153837427,0.0,8.821000000000005,37.577,0,0,1,0,0,Unreliable,0.9170332,e57fadd5-caf4-46aa-bb49-bf69baba59ae#82413acb-33d5-4d16-b7be-2e88909a3b24#1d00ee88f,1470,Dates -  1/5
22,3,35,3,3,3,0,0,5,5,8,0,8,0,10,0,1,6,2.573099415204678,0.3508771929824561,4.093567251461988,0.3508771929824561,0.3508771929824561,0.3508771929824561,0.0,0.0,0.5847953216374269,0.5847953216374269,0.935672514619883,0.0,0.935672514619883,0.0,1.1695906432748535,0.0,0.1169590643274853,0.7017543859649122,8.55,0.0,0,0,1,0,0,Unreliable,0.993429,dd528642-d0f6-42a9-bb7b-51b5c260d053#db91badc-1481-46fb-a103-f47cdba5c103#1a93cd2fc,1470,Dates -  3/5
26,0,9,1,1,1,0,0,3,3,0,0,0,0,0,0,9,0,8.90106128038343,0.0,3.081136597055803,0.3423485107839781,0.3423485107839781,0.3423485107839781,0.0,0.0,1.0270455323519343,1.0270455323519343,0.0,0.0,0.0,0.0,0.0,0.0,3.081136597055803,0.0,2.921,0.0,0,0,1,0,0,Unreliable,0.7732059,e57fadd5-caf4-46aa-bb49-bf69baba59ae#82413acb-33d5-4d16-b7be-2e88909a3b24#1d00ee88f,1470,Dates -  3/5
23,0,9,1,1,1,0,0,3,3,0,0,0,0,1,0,9,0,7.083461656914075,0.0,2.7717893440098553,0.3079765937788728,0.3079765937788728,0.3079765937788728,0.0,0.0,0.9239297813366184,0.9239297813366184,0.0,0.0,0.0,0.0,0.3079765937788728,0.0,2.7717893440098553,0.0,3.247,0.0,0,0,1,0,0,Unreliable,0.7145269,833dd017-d816-4960-ba97-77a0114d1cf9#41bcc566-ebcb-4863-8916-716e03f81d6d#1d00ee88f,1470,Dates -  2/5
53,4,38,4,4,4,0,0,6,6,7,0,7,0,3,0,11,4,5.095174004999039,0.3845414343395501,3.653143626225726,0.3845414343395501,0.3845414343395501,0.3845414343395501,0.0,0.0,0.5768121515093252,0.5768121515093252,0.6729475100942127,0.0,0.6729475100942127,0.0,0.2884060757546626,0.0,1.0574889444337627,0.3845414343395501,10.402,0.0,0,0,1,0,0,Unreliable,0.94858474,a72f7772-bc26-423a-bbeb-e5cc6b5d060f#a06692d7-e312-46be-94c3-bb7ad98d0403#1a6cef9e7,1470,Dates -  1/5
59,10,32,2,4,2,0,0,12,12,0,0,0,0,0,0,20,0,6.61509137795717,1.121201928467317,3.587846171095414,0.2242403856934633,0.4484807713869267,0.2242403856934633,0.0,0.0,1.3454423141607803,1.3454423141607803,0.0,0.0,0.0,0.0,0.0,0.0,2.242403856934634,0.0,8.919,0.0,0,0,1,0,0,Unreliable,0.76990443,9eaa26dd-46c5-4662-8028-26ce4926fb51#e5a8023c-f0fb-4ca5-a832-847a76dd6717#1f9ae5177,1470,Dates -  4/5
23,4,31,3,3,3,0,0,6,6,5,0,5,0,0,0,7,3,2.990897269180754,0.5201560468140441,4.031209362808842,0.3901170351105331,0.3901170351105331,0.3901170351105331,0.0,0.0,0.7802340702210663,0.7802340702210663,0.6501950585175552,0.0,0.6501950585175552,0.0,0.0,0.0,0.9102730819245772,0.3901170351105331,7.69,0.0,0,0,1,0,0,Unreliable,0.9350952,5c031903-1359-40cb-b274-160446001fa2#e265297b-ccd1-41aa-b545-c451aca77522#128afff59,1470,Dates -  2/5
26,3,41,3,3,3,0,0,5,5,11,0,11,0,24,0,1,12,2.335189509610203,0.2694449434165619,3.682414226693013,0.2694449434165619,0.2694449434165619,0.2694449434165619,0.0,0.0,0.4490749056942698,0.4490749056942698,0.9879647925273936,0.0,0.9879647925273936,0.0,2.155559547332495,0.0,0.0898149811388539,1.0777797736662476,11.134,0.0,0,0,1,0,0,Unreliable,0.9987746,dd528642-d0f6-42a9-bb7b-51b5c260d053#db91badc-1481-46fb-a103-f47cdba5c103#1a93cd2fc,1470,Dates -  2/5
27,1,9,1,1,1,0,0,3,3,0,0,0,0,0,0,8,0,6.468615237182558,0.2395783421178725,2.156205079060853,0.2395783421178725,0.2395783421178725,0.2395783421178725,0.0,0.0,0.7187350263536175,0.7187350263536175,0.0,0.0,0.0,0.0,0.0,0.0,1.91662673694298,0.0,4.174,0.0,0,0,1,0,0,Unreliable,0.87934893,833dd017-d816-4960-ba97-77a0114d1cf9#41bcc566-ebcb-4863-8916-716e03f81d6d#1d00ee88f,1470,Dates -  4/5
38,4,12,1,1,2,0,0,4,4,0,0,0,0,4,0,13,0,4.773869346733669,0.5025125628140703,1.5075376884422111,0.1256281407035175,0.1256281407035175,0.2512562814070351,0.0,0.0,0.5025125628140703,0.5025125628140703,0.0,0.0,0.0,0.0,0.5025125628140703,0.0,1.6331658291457287,0.0,7.96,0.0,0,0,1,0,0,Unreliable,0.89948434,833dd017-d816-4960-ba97-77a0114d1cf9#41bcc566-ebcb-4863-8916-716e03f81d6d#1d00ee88f,1470,Dates -  5/5
23,4,28,3,3,4,0,0,5,5,4,0,4,0,0,0,6,2,3.953248539016845,0.6875214850464078,4.812650395324854,0.5156411137848058,0.5156411137848058,0.6875214850464078,0.0,0.0,0.8594018563080097,0.8594018563080097,0.6875214850464078,0.0,0.6875214850464078,0.0,0.0,0.0,1.0312822275696116,0.3437607425232039,5.818,0.0,0,0,1,0,0,Unreliable,0.92838824,c74ea20d-678b-4d3a-a781-1588c1672e0b#896f4471-5dd5-4b3b-a040-082baee01eee#128afff59,1470,Dates -  5/5
50,7,23,2,2,3,0,0,8,8,0,0,0,0,4,0,25,0,6.555657532450505,0.9177920545430708,3.015602464927232,0.2622263012980202,0.2622263012980202,0.3933394519470303,0.0,0.0,1.0489052051920809,1.0489052051920809,0.0,0.0,0.0,0.0,0.5244526025960404,0.0,3.2778287662252525,0.0,7.627,0.0,0,0,1,0,0,Unreliable,0.74955976,78257de1-d499-47f3-bafb-113b02239b31#6f00e314-e8f7-4c07-9127-35ca525f10c2#1f9ae5177,1470,Dates -  5/5
27,3,29,3,3,3,0,0,6,6,4,0,4,0,0,0,7,2,3.239352129574085,0.3599280143971205,3.4793041391721653,0.3599280143971205,0.3599280143971205,0.3599280143971205,0.0,0.0,0.719856028794241,0.719856028794241,0.4799040191961607,0.0,0.4799040191961607,0.0,0.0,0.0,0.8398320335932813,0.2399520095980803,8.335,0.0,0,0,1,0,0,Unreliable,0.8744023,c74ea20d-678b-4d3a-a781-1588c1672e0b#896f4471-5dd5-4b3b-a040-082baee01eee#128afff59,1470,Dates -  1/5
26,3,29,3,3,3,0,0,5,5,5,0,5,0,0,0,7,3,4.060596595345932,0.468530376386069,4.529126971732001,0.468530376386069,0.468530376386069,0.468530376386069,0.0,0.0,0.7808839606434484,0.7808839606434484,0.7808839606434484,0.0,0.7808839606434484,0.0,0.0,0.0,1.0932375449008278,0.468530376386069,6.403,0.0,0,0,1,0,0,Unreliable,0.9555983,5c031903-1359-40cb-b274-160446001fa2#e265297b-ccd1-41aa-b545-c451aca77522#128afff59,1470,Dates -  4/5
46,8,60,7,7,7,1,0,10,10,9,0,9,0,0,0,8,3,4.3676414736042535,0.759589821496392,5.6969236612229395,0.664641093809343,0.664641093809343,0.664641093809343,0.094948727687049,0.0,0.94948727687049,0.94948727687049,0.854538549183441,0.0,0.854538549183441,0.0,0.0,0.0,0.759589821496392,0.284846183061147,10.532,0.0,0,0,1,0,0,Unreliable,0.84417397,9ecfb37e-b311-40a6-8bad-75b9d98f7403#535da790-f013-4373-bee1-26aade938108#1d0e63d2c,1470,Dates -  4/5
76,5,60,6,6,8,0,0,7,7,13,0,13,0,13,0,15,9,4.702097382911588,0.3093485120336571,3.712182144403885,0.3712182144403885,0.3712182144403885,0.4949576192538514,0.0,0.0,0.4330879168471199,0.4330879168471199,0.8043061312875085,0.0,0.8043061312875085,0.0,0.8043061312875085,0.0,0.9280455361009712,0.5568273216605828,16.163,0.0,0,0,1,0,0,Unreliable,0.9856748,ee40bab5-0399-47e3-862c-30187c5e2bcd#0e7e8b45-285b-4c26-92ec-ca052860c918#156e3244c,1470,Dates -  5/5
37,4,36,4,4,4,0,0,5,5,7,0,7,0,4,0,6,4,4.639498432601881,0.5015673981191223,4.514106583072101,0.5015673981191223,0.5015673981191223,0.5015673981191223,0.0,0.0,0.6269592476489029,0.6269592476489029,0.877742946708464,0.0,0.877742946708464,0.0,0.5015673981191223,0.0,0.7523510971786834,0.5015673981191223,7.975,0.0,0,0,1,0,0,Unreliable,0.9797529,a72f7772-bc26-423a-bbeb-e5cc6b5d060f#a06692d7-e312-46be-94c3-bb7ad98d0403#1a6cef9e7,1470,Dates -  3/5
82,6,66,6,6,6,0,0,15,15,9,0,9,0,8,0,24,3,2.4069508042738055,0.1761183515322296,1.9373018668545263,0.1761183515322296,0.1761183515322296,0.1761183515322296,0.0,0.0,0.4402958788305742,0.4402958788305742,0.2641775272983445,0.0,0.2641775272983445,0.0,0.2348244687096395,0.0,0.7044734061289187,0.0880591757661148,34.068,0.0,0,0,1,0,0,Unreliable,0.83610606,7575645c-2e83-48f1-9195-1b0650fdb63d#02e55d51-81a8-4d64-9e3e-df122715d5e6#144eca966,1470,Dates -  4/5
23,3,29,3,3,3,0,0,5,5,5,0,5,0,0,0,6,3,3.853887399463807,0.5026809651474531,4.859249329758713,0.5026809651474531,0.5026809651474531,0.5026809651474531,0.0,0.0,0.8378016085790885,0.8378016085790885,0.8378016085790885,0.0,0.8378016085790885,0.0,0.0,0.0,1.0053619302949062,0.5026809651474531,5.968,0.0,0,0,1,0,0,Unreliable,0.9635632,751f0dc4-9fc7-4a86-a597-e53b774ed6e0#7e6a82cf-ec05-4bd1-a787-1d7119936ba6#128afff59,1470,Dates -  3/5
25,3,29,3,3,3,0,0,5,5,5,0,5,0,0,0,7,3,4.008980115458628,0.4810776138550353,4.650416933932008,0.4810776138550353,0.4810776138550353,0.4810776138550353,0.0,0.0,0.8017960230917255,0.8017960230917255,0.8017960230917255,0.0,0.8017960230917255,0.0,0.0,0.0,1.1225144323284155,0.4810776138550353,6.236,0.0,0,0,1,0,0,Unreliable,0.9579538,751f0dc4-9fc7-4a86-a597-e53b774ed6e0#7e6a82cf-ec05-4bd1-a787-1d7119936ba6#128afff59,1470,Dates -  4/5
79,4,55,5,5,5,0,0,13,13,7,0,7,0,5,0,24,3,2.837032248796955,0.1436472024707318,1.9751490339725637,0.1795590030884148,0.1795590030884148,0.1795590030884148,0.0,0.0,0.4668534080298786,0.4668534080298786,0.2513826043237808,0.0,0.2513826043237808,0.0,0.1795590030884148,0.0,0.8618832148243913,0.1077354018530489,27.846,0.0,0,0,1,0,0,Unreliable,0.8143563,7575645c-2e83-48f1-9195-1b0650fdb63d#02e55d51-81a8-4d64-9e3e-df122715d5e6#144eca966,1470,Dates -  2/5
26,0,9,1,1,1,0,0,3,3,0,0,0,0,0,0,9,0,8.052028491793125,0.0,2.787240631774543,0.3096934035305048,0.3096934035305048,0.3096934035305048,0.0,0.0,0.9290802105915144,0.9290802105915144,0.0,0.0,0.0,0.0,0.0,0.0,2.787240631774543,0.0,3.229,0.0,0,0,1,0,0,Unreliable,0.81077564,ccc43c59-6517-466d-960f-c4e6dd87a9c6#55b96be6-5a4e-4a59-8890-c9abc3ae7c91#1d00ee88f,1470,Dates -  3/5
90,11,25,2,2,3,0,0,9,9,0,0,0,0,6,0,31,0,2.969904963041183,0.3629883843717001,0.824973600844773,0.0659978880675818,0.0659978880675818,0.0989968321013727,0.0,0.0,0.2969904963041183,0.2969904963041183,0.0,0.0,0.0,0.0,0.1979936642027455,0.0,1.0229672650475186,0.0,30.304,0.0,0,0,1,0,0,Unreliable,0.96933156,266d6458-fde5-4cde-b316-dc9db37f3b15#9b6334ed-b535-45a4-97f2-676ef8270184#159d3c411,1470,Dates -  5/5
38,5,44,5,5,6,0,0,7,7,7,0,7,0,0,0,6,3,4.391033048301364,0.5777675063554426,5.084354055927895,0.5777675063554426,0.5777675063554426,0.693321007626531,0.0,0.0,0.8088745088976196,0.8088745088976196,0.8088745088976196,0.0,0.8088745088976196,0.0,0.0,0.0,0.693321007626531,0.3466605038132655,8.654,0.0,0,0,1,0,0,Unreliable,0.9576859,63e61c0c-2bd4-4e92-bf3c-e09d8981e9a6#9b313caf-6128-478d-98c2-bbccf8208474#1d0e63d2c,1470,Dates -  5/5
49,4,38,4,4,4,0,0,6,6,7,0,7,0,5,0,9,3,3.407036573494646,0.2781254345709915,2.6421916284244196,0.2781254345709915,0.2781254345709915,0.2781254345709915,0.0,0.0,0.4171881518564873,0.4171881518564873,0.4867195104992352,0.0,0.4867195104992352,0.0,0.3476567932137394,0.0,0.6257822277847309,0.2085940759282436,14.382,0.0,0,0,1,0,0,Unreliable,0.91618687,53724c31-4ac7-474d-987a-4b8e4797d72b#d5273666-4724-41aa-99d4-b399146ed2c4#1a6cef9e7,1470,Dates -  1/5
25,2,30,3,3,3,0,0,6,6,4,0,5,0,0,0,7,3,4.2165626581210995,0.3373250126496879,5.05987518974532,0.505987518974532,0.505987518974532,0.505987518974532,0.0,0.0,1.011975037949064,1.011975037949064,0.6746500252993759,0.0,0.8433125316242199,0.0,0.0,0.0,1.180637544273908,0.505987518974532,5.929,0.0,0,0,1,0,0,Unreliable,0.9334121,f4e58e35-24e1-462e-a520-458abad293ac#f1c48334-b608-4be9-bea4-b2ed42d938a2#128afff59,1470,Dates -  1/5
67,4,48,4,4,6,0,0,11,11,6,0,6,0,7,0,19,3,2.080034770730496,0.1241811803421191,1.4901741641054298,0.1241811803421191,0.1241811803421191,0.1862717705131787,0.0,0.0,0.3414982459408276,0.3414982459408276,0.1862717705131787,0.0,0.1862717705131787,0.0,0.2173170655987085,0.0,0.589860606625066,0.0931358852565893,32.211,0.0,0,0,1,0,0,Unreliable,0.8721247,7575645c-2e83-48f1-9195-1b0650fdb63d#02e55d51-81a8-4d64-9e3e-df122715d5e6#144eca966,1470,Dates -  5/5
34,3,36,4,4,4,0,0,5,5,7,0,7,0,4,0,5,4,4.511078678519305,0.3980363539869975,4.77643624784397,0.53071513864933,0.53071513864933,0.53071513864933,0.0,0.0,0.6633939233116625,0.6633939233116625,0.9287514926363276,0.0,0.9287514926363276,0.0,0.53071513864933,0.0,0.6633939233116625,0.53071513864933,7.537,0.0,0,0,1,0,0,Unreliable,0.98300743,a72f7772-bc26-423a-bbeb-e5cc6b5d060f#a06692d7-e312-46be-94c3-bb7ad98d0403#1a6cef9e7,1470,Dates -  2/5
24,3,33,3,3,3,0,0,5,5,7,0,7,0,14,0,1,6,2.754504762997819,0.3443130953747274,3.787444049122002,0.3443130953747274,0.3443130953747274,0.3443130953747274,0.0,0.0,0.5738551589578791,0.5738551589578791,0.8033972225410307,0.0,0.8033972225410307,0.0,1.6067944450820617,0.0,0.1147710317915758,0.6886261907494549,8.713,0.0,0,0,1,0,0,Unreliable,0.99134177,75a03cee-03c6-46b9-aa25-ce1dd6f44d02#b7e31029-9170-44b4-bcef-6bdc768ff85f#1a93cd2fc,1470,Dates -  3/5
31,4,9,1,1,1,0,0,3,3,0,0,0,0,4,0,11,0,3.2607552329862206,0.4207426107078995,0.9466708740927736,0.1051856526769748,0.1051856526769748,0.1051856526769748,0.0,0.0,0.3155569580309246,0.3155569580309246,0.0,0.0,0.0,0.0,0.4207426107078995,0.0,1.1570421794467236,0.0,9.507,0.0,0,0,1,0,0,Unreliable,0.94570076,833dd017-d816-4960-ba97-77a0114d1cf9#41bcc566-ebcb-4863-8916-716e03f81d6d#1d00ee88f,1470,Dates -  1/5
37,5,36,4,4,4,0,0,5,5,7,0,7,0,4,0,7,4,4.971113798199651,0.6717721348918447,4.836759371221282,0.5374177079134758,0.5374177079134758,0.5374177079134758,0.0,0.0,0.6717721348918447,0.6717721348918447,0.9404809888485826,0.0,0.9404809888485826,0.0,0.5374177079134758,0.0,0.9404809888485826,0.5374177079134758,7.443,0.0,0,0,1,0,0,Unreliable,0.9837996,53724c31-4ac7-474d-987a-4b8e4797d72b#d5273666-4724-41aa-99d4-b399146ed2c4#1a6cef9e7,1470,Dates -  3/5
33,2,16,2,2,2,0,0,5,5,0,0,0,0,0,0,12,0,6.436512580456408,0.3900916715428126,3.120733372342501,0.3900916715428126,0.3900916715428126,0.3900916715428126,0.0,0.0,0.9752291788570314,0.9752291788570314,0.0,0.0,0.0,0.0,0.0,0.0,2.3405500292568755,0.0,5.127,0.0,0,0,1,0,0,Unreliable,0.7389657,fbae2cee-d1b0-4f7e-9a65-6590e74b8b78#db92d1dc-9b24-4ad6-856c-43ee33b342d9#1874919ad,1470,Dates -  3/5
55,0,21,1,1,3,0,0,8,8,0,0,0,0,0,0,20,0,6.195786864931846,0.0,2.3656640757012504,0.1126506702714881,0.1126506702714881,0.3379520108144643,0.0,0.0,0.9012053621719048,0.9012053621719048,0.0,0.0,0.0,0.0,0.0,0.0,2.253013405429762,0.0,8.877,0.0,0,0,1,0,0,Unreliable,0.8862337,c2df7e16-dc0a-4a52-9c83-8e9bea31583c#129575b5-7527-4e97-a767-5582b9712759#165f4615b,1470,Dates -  4/5
35,5,37,4,4,5,0,0,5,5,7,0,7,0,4,0,6,4,5.2726724917143715,0.7532389273877674,5.573968062669479,0.6025911419102139,0.6025911419102139,0.7532389273877674,0.0,0.0,0.7532389273877674,0.7532389273877674,1.0545344983428744,0.0,1.0545344983428744,0.0,0.6025911419102139,0.0,0.9038867128653209,0.6025911419102139,6.638,0.0,0,0,1,0,0,Unreliable,0.9893273,3eb1a1c7-892e-42cb-8f69-ed2a4f80fa2a#2634ee60-f435-4eb1-8c1e-a14fac4dc5ca#1a6cef9e7,1470,Dates -  5/5
57,7,24,2,2,2,0,0,9,9,0,0,0,0,0,0,23,0,6.986150263512685,0.857948277975242,2.9415369530579727,0.2451280794214977,0.2451280794214977,0.2451280794214977,0.0,0.0,1.1030763573967397,1.1030763573967397,0.0,0.0,0.0,0.0,0.0,0.0,2.8189729133472237,0.0,8.159,0.0,0,0,1,0,0,Unreliable,0.8289446,8a2a0129-dce6-4c27-993c-3af80995923c#4d875534-79b4-492e-92d2-61c722834ab4#1f9ae5177,1470,Dates -  4/5
39,4,47,5,5,5,0,0,8,8,8,0,8,0,5,0,7,6,4.469401787760715,0.4584001833600733,5.386202154480861,0.5730002292000916,0.5730002292000916,0.5730002292000916,0.0,0.0,0.9168003667201466,0.9168003667201466,0.9168003667201466,0.0,0.9168003667201466,0.0,0.5730002292000916,0.0,0.8022003208801283,0.6876002750401099,8.726,0.0,0,0,1,0,0,Unreliable,0.981804,9ecfb37e-b311-40a6-8bad-75b9d98f7403#535da790-f013-4373-bee1-26aade938108#1d0e63d2c,1470,Dates -  3/5
77,3,45,5,5,5,0,0,7,7,8,0,8,0,4,0,17,6,6.167400881057269,0.2402883460152182,3.6043251902282742,0.4004805766920304,0.4004805766920304,0.4004805766920304,0.0,0.0,0.5606728073688426,0.5606728073688426,0.6407689227072487,0.0,0.6407689227072487,0.0,0.3203844613536243,0.0,1.3616339607529035,0.4805766920304365,12.485,0.0,0,0,1,0,0,Unreliable,0.94360745,67db3a45-ec32-470b-ae8e-618fc8a26f93#e786ff78-5ab1-4e03-b10f-a6899bef13fe#156e3244c,1470,Dates -  2/5
48,7,59,7,7,8,1,0,9,9,9,0,9,0,0,0,8,2,4.0861496552311225,0.5958968247212054,5.022558951221589,0.5958968247212054,0.5958968247212054,0.6810249425385205,0.085128117817315,0.0,0.7661530603558355,0.7661530603558355,0.7661530603558355,0.0,0.7661530603558355,0.0,0.0,0.0,0.6810249425385205,0.1702562356346301,11.747,0.0,0,0,1,0,0,Unreliable,0.807272,9ecfb37e-b311-40a6-8bad-75b9d98f7403#535da790-f013-4373-bee1-26aade938108#1d0e63d2c,1470,Dates -  5/5
58,9,24,2,2,2,0,0,9,9,0,0,0,0,0,0,26,0,5.156013867899369,0.8000711174326607,2.1335229798204285,0.1777935816517023,0.1777935816517023,0.1777935816517023,0.0,0.0,0.8000711174326607,0.8000711174326607,0.0,0.0,0.0,0.0,0.0,0.0,2.3113165614721307,0.0,11.249,0.0,0,0,1,0,0,Unreliable,0.9169467,78257de1-d499-47f3-bafb-113b02239b31#6f00e314-e8f7-4c07-9127-35ca525f10c2#1f9ae5177,1470,Dates -  1/5
80,1,36,2,2,2,0,0,9,9,6,0,6,0,14,0,25,8,2.3822995146064736,0.0297787439325809,1.0720347815729132,0.0595574878651618,0.0595574878651618,0.0595574878651618,0.0,0.0,0.2680086953932283,0.2680086953932283,0.1786724635954855,0.0,0.1786724635954855,0.0,0.4169024150561329,0.0,0.7444685983145231,0.2382299514606473,33.581,0.0,0,0,1,0,0,Unreliable,0.8894151,7bb4ef56-9d9c-47e9-b286-166d34c31f8a#4ece1735-06fe-4f0e-b077-c1f08a3d3686#144eca966,1470,Dates -  4/5
78,6,22,1,1,2,0,0,9,9,0,0,0,0,0,0,28,0,4.089121887287025,0.3145478374836173,1.1533420707732636,0.0524246395806028,0.0524246395806028,0.1048492791612057,0.0,0.0,0.471821756225426,0.471821756225426,0.0,0.0,0.0,0.0,0.0,0.0,1.4678899082568808,0.0,19.075,0.0,0,0,1,0,0,Unreliable,0.9706486,4e19922c-9f08-4e84-b099-e32a19360a4b#243c5e1a-5532-4a77-9efa-f675672ed27f#165f4615b,1470,Dates -  1/5
42,5,47,5,5,5,0,0,8,8,8,0,8,0,0,0,7,5,5.460218408736349,0.6500260010400416,6.110244409776391,0.6500260010400416,0.6500260010400416,0.6500260010400416,0.0,0.0,1.0400416016640666,1.0400416016640666,1.0400416016640666,0.0,1.0400416016640666,0.0,0.0,0.0,0.9100364014560582,0.6500260010400416,7.692,0.0,0,0,1,0,0,Unreliable,0.9835383,9ecfb37e-b311-40a6-8bad-75b9d98f7403#535da790-f013-4373-bee1-26aade938108#1d0e63d2c,1470,Dates -  2/5
19,3,29,3,3,3,0,0,5,5,5,0,5,0,6,0,1,2,2.7737226277372264,0.437956204379562,4.233576642335767,0.437956204379562,0.437956204379562,0.437956204379562,0.0,0.0,0.7299270072992701,0.7299270072992701,0.7299270072992701,0.0,0.7299270072992701,0.0,0.8759124087591241,0.0,0.145985401459854,0.291970802919708,6.85,0.0,0,0,1,0,0,Unreliable,0.96291506,dd528642-d0f6-42a9-bb7b-51b5c260d053#db91badc-1481-46fb-a103-f47cdba5c103#1a93cd2fc,1470,Dates -  4/5
24,2,29,3,3,3,0,0,5,5,5,0,5,0,0,0,7,3,4.019427231619495,0.3349522693016245,4.8568079048735555,0.5024284039524368,0.5024284039524368,0.5024284039524368,0.0,0.0,0.8373806732540613,0.8373806732540613,0.8373806732540613,0.0,0.8373806732540613,0.0,0.0,0.0,1.172332942555686,0.5024284039524368,5.971,0.0,0,0,1,0,0,Unreliable,0.9584633,5c031903-1359-40cb-b274-160446001fa2#e265297b-ccd1-41aa-b545-c451aca77522#128afff59,1470,Dates -  3/5
30,4,40,4,4,5,0,0,6,7,7,0,7,0,11,0,1,5,2.8799078429490255,0.3839877123932034,3.8398771239320344,0.3839877123932034,0.3839877123932034,0.4799846404915043,0.0,0.0,0.5759815685898051,0.6719784966881059,0.6719784966881059,0.0,0.6719784966881059,0.0,1.0559662090813091,0.0,0.0959969280983008,0.4799846404915043,10.417,0.0,0,0,1,0,0,Unreliable,0.97305864,dd528642-d0f6-42a9-bb7b-51b5c260d053#db91badc-1481-46fb-a103-f47cdba5c103#1a93cd2fc,1470,Dates -  5/5
60,8,24,2,2,2,0,0,9,9,0,0,0,0,0,0,24,0,7.267441860465116,0.9689922480620154,2.9069767441860463,0.2422480620155038,0.2422480620155038,0.2422480620155038,0.0,0.0,1.0901162790697674,1.0901162790697674,0.0,0.0,0.0,0.0,0.0,0.0,2.9069767441860463,0.0,8.256,0.0,0,0,1,0,0,Unreliable,0.845999,beabd091-853a-40bc-b495-3b36c4396d3b#95e5fac8-1e95-4b2f-8716-bf1823b372c7#1f9ae5177,1470,Dates -  4/5
57,8,26,3,3,3,0,0,9,8,0,0,0,0,0,0,17,0,6.668226485727655,0.9358914365933552,3.0416471689284044,0.3509592887225082,0.3509592887225082,0.3509592887225082,0.0,0.0,1.0528778661675249,0.9358914365933552,0.0,0.0,0.0,0.0,0.0,0.0,1.9887693027608797,0.0,8.548,0.0,0,0,1,0,0,Unreliable,0.81776637,da3c9275-2621-42de-bc63-693d9b5cf850#2968d643-b1e2-4040-ade8-ca23acc36eef#1874919ad,1470,Dates -  1/5
24,0,9,1,1,1,0,0,3,3,0,0,0,0,1,0,9,0,7.106899615042938,0.0,2.6650873556411017,0.2961208172934557,0.2961208172934557,0.2961208172934557,0.0,0.0,0.8883624518803672,0.8883624518803672,0.0,0.0,0.0,0.0,0.2961208172934557,0.0,2.6650873556411017,0.0,3.377,0.0,0,0,1,0,0,Unreliable,0.7334234,e57fadd5-caf4-46aa-bb49-bf69baba59ae#82413acb-33d5-4d16-b7be-2e88909a3b24#1d00ee88f,1470,Dates -  2/5
66,5,50,5,5,6,0,0,6,6,11,0,11,0,7,0,14,6,5.441952506596306,0.4122691292875989,4.12269129287599,0.4122691292875989,0.4122691292875989,0.4947229551451187,0.0,0.0,0.4947229551451187,0.4947229551451187,0.9069920844327176,0.0,0.9069920844327176,0.0,0.5771767810026385,0.0,1.154353562005277,0.4947229551451187,12.128,0.0,0,0,1,0,0,Unreliable,0.985216,67db3a45-ec32-470b-ae8e-618fc8a26f93#e786ff78-5ab1-4e03-b10f-a6899bef13fe#156e3244c,1470,Dates -  5/5
39,6,45,5,5,5,0,0,8,8,7,0,7,0,0,0,7,3,4.608839517844482,0.7090522335145356,5.317891751359017,0.590876861262113,0.590876861262113,0.590876861262113,0.0,0.0,0.9454029780193808,0.9454029780193808,0.8272276057669582,0.0,0.8272276057669582,0.0,0.0,0.0,0.8272276057669582,0.3545261167572678,8.462,0.0,0,0,1,0,0,Unreliable,0.95705205,63e61c0c-2bd4-4e92-bf3c-e09d8981e9a6#9b313caf-6128-478d-98c2-bbccf8208474#1d0e63d2c,1470,Dates -  4/5
95,12,30,2,2,2,0,0,12,12,0,0,0,0,3,0,36,0,3.7250519546719993,0.4705328784848841,1.1763321962122104,0.0784221464141473,0.0784221464141473,0.0784221464141473,0.0,0.0,0.4705328784848841,0.4705328784848841,0.0,0.0,0.0,0.0,0.117633219621221,0.0,1.4115986354546524,0.0,25.503,0.0,0,0,1,0,0,Unreliable,0.964443,6b3a7717-dd2f-470e-9ad3-df0023fd82fe#9f0bafb3-d1b2-4722-adab-e4e4c25e8db7#1a3bf95eb,1470,Dates -  1/5
49,7,16,2,2,2,0,0,5,5,0,0,0,0,11,0,13,0,3.0033711308611704,0.4290530186944529,0.9806926141587496,0.1225865767698436,0.1225865767698436,0.1225865767698436,0.0,0.0,0.3064664419246092,0.3064664419246092,0.0,0.0,0.0,0.0,0.6742261722341403,0.0,0.796812749003984,0.0,16.315,0.0,0,0,1,0,0,Unreliable,0.93196595,ccc43c59-6517-466d-960f-c4e6dd87a9c6#55b96be6-5a4e-4a59-8890-c9abc3ae7c91#1d00ee88f,1470,Dates -  1/5
55,7,23,2,2,3,0,0,8,8,0,0,0,0,7,0,23,0,5.913342651327814,0.7526072465326309,2.472852381464359,0.2150306418664659,0.2150306418664659,0.3225459627996989,0.0,0.0,0.8601225674658639,0.8601225674658639,0.0,0.0,0.0,0.0,0.7526072465326309,0.0,2.472852381464359,0.0,9.301,0.0,0,0,1,0,0,Unreliable,0.7707187,44b480d7-9936-45d9-b7f8-c2815639a3f1#1738fc43-eeb4-4ed7-b2c0-6ee5da32e269#1f9ae5177,1470,Dates -  5/5
66,5,49,5,5,5,0,0,7,7,10,0,10,0,7,0,14,7,5.376344086021505,0.4072987943955686,3.991528185076572,0.4072987943955686,0.4072987943955686,0.4072987943955686,0.0,0.0,0.570218312153796,0.570218312153796,0.8145975887911372,0.0,0.8145975887911372,0.0,0.570218312153796,0.0,1.140436624307592,0.570218312153796,12.276,0.0,0,0,1,0,0,Unreliable,0.9794719,ee40bab5-0399-47e3-862c-30187c5e2bcd#0e7e8b45-285b-4c26-92ec-ca052860c918#156e3244c,1470,Dates -  3/5
31,4,46,4,4,5,0,0,6,7,10,0,10,0,14,0,1,9,2.699878070022644,0.3483713638738895,4.0062706845497305,0.3483713638738895,0.3483713638738895,0.435464204842362,0.0,0.0,0.5225570458108344,0.6096498867793068,0.870928409684724,0.0,0.870928409684724,0.0,1.2192997735586135,0.0,0.0870928409684723,0.7838355687162516,11.482,0.0,0,0,1,0,0,Unreliable,0.9935958,75a03cee-03c6-46b9-aa25-ce1dd6f44d02#b7e31029-9170-44b4-bcef-6bdc768ff85f#1a93cd2fc,1470,Dates -  5/5
27,5,8,1,1,2,0,0,2,2,0,0,0,0,2,0,9,0,4.500750125020837,0.833472245374229,1.3335555925987663,0.1666944490748458,0.1666944490748458,0.3333888981496916,0.0,0.0,0.3333888981496916,0.3333888981496916,0.0,0.0,0.0,0.0,0.3333888981496916,0.0,1.5002500416736124,0.0,5.999,0.0,0,0,1,0,0,Unreliable,0.95175177,ccc43c59-6517-466d-960f-c4e6dd87a9c6#55b96be6-5a4e-4a59-8890-c9abc3ae7c91#1d00ee88f,1470,Dates -  5/5
61,2,23,1,1,1,0,0,10,10,0,0,0,0,0,0,27,0,8.285791904373811,0.271665308340125,3.124151045911437,0.1358326541700625,0.1358326541700625,0.1358326541700625,0.0,0.0,1.3583265417006247,1.3583265417006247,0.0,0.0,0.0,0.0,0.0,0.0,3.667481662591687,0.0,7.362,0.0,0,0,1,0,0,Unreliable,0.8447707,6b3a7717-dd2f-470e-9ad3-df0023fd82fe#9f0bafb3-d1b2-4722-adab-e4e4c25e8db7#1a3bf95eb,1470,Dates -  2/5
26,2,29,3,3,3,0,0,5,5,5,0,5,0,0,0,6,3,3.3933698773166276,0.261028452101279,3.784912555468546,0.3915426781519185,0.3915426781519185,0.3915426781519185,0.0,0.0,0.6525711302531976,0.6525711302531976,0.6525711302531976,0.0,0.6525711302531976,0.0,0.0,0.0,0.7830853563038371,0.3915426781519185,7.662,0.0,0,0,1,0,0,Unreliable,0.9364102,c74ea20d-678b-4d3a-a781-1588c1672e0b#896f4471-5dd5-4b3b-a040-082baee01eee#128afff59,1470,Dates -  2/5
27,4,36,3,3,4,0,0,5,5,8,0,8,0,0,0,7,6,3.598081023454158,0.5330490405117271,4.797441364605544,0.3997867803837953,0.3997867803837953,0.5330490405117271,0.0,0.0,0.6663113006396589,0.6663113006396589,1.0660980810234542,0.0,1.0660980810234542,0.0,0.0,0.0,0.9328358208955224,0.7995735607675907,7.504,0.0,0,0,1,0,0,Unreliable,0.99243176,5c031903-1359-40cb-b274-160446001fa2#e265297b-ccd1-41aa-b545-c451aca77522#128afff59,1470,Dates -  5/5
25,3,29,3,3,3,0,0,5,5,5,0,5,0,0,0,6,4,3.5852574214828627,0.4302308905779435,4.15889860892012,0.4302308905779435,0.4302308905779435,0.4302308905779435,0.0,0.0,0.7170514842965725,0.7170514842965725,0.7170514842965725,0.0,0.7170514842965725,0.0,0.0,0.0,0.860461781155887,0.573641187437258,6.973,0.0,0,0,1,0,0,Unreliable,0.9581053,c74ea20d-678b-4d3a-a781-1588c1672e0b#896f4471-5dd5-4b3b-a040-082baee01eee#128afff59,1470,Dates -  3/5
66,0,22,1,1,2,0,0,9,9,0,0,0,0,0,0,27,0,6.584197924980049,0.0,2.1947326416600164,0.0997605746209098,0.0997605746209098,0.1995211492418196,0.0,0.0,0.8978451715881884,0.8978451715881884,0.0,0.0,0.0,0.0,0.0,0.0,2.6935355147645654,0.0,10.024,0.0,0,0,1,0,0,Unreliable,0.91320443,c2df7e16-dc0a-4a52-9c83-8e9bea31583c#129575b5-7527-4e97-a767-5582b9712759#165f4615b,1470,Dates -  2/5
149,25,49,4,4,4,0,0,19,18,0,0,0,0,0,0,14,0,3.118133305430575,0.5231767290990897,1.025426389034216,0.0837082766558543,0.0837082766558543,0.0837082766558543,0.0,0.0,0.3976143141153082,0.3766872449513446,0.0,0.0,0.0,0.0,0.0,0.0,0.2929789682954902,0.0,47.785,0.0,0,0,1,0,0,Unreliable,0.982636,281eb37d-0739-4159-ab0d-5de3a7abbf7a#e30dc36b-bbea-40fb-ad97-daf6abc8fb18#12f23c423,1470,Dates -  1/5
27,3,39,3,3,3,0,0,6,6,9,0,9,0,16,0,3,9,2.463953276145282,0.2737725862383646,3.5590436210987404,0.2737725862383646,0.2737725862383646,0.2737725862383646,0.0,0.0,0.5475451724767293,0.5475451724767293,0.8213177587150939,0.0,0.8213177587150939,0.0,1.460120459937945,0.0,0.2737725862383646,0.8213177587150939,10.958,0.0,0,0,1,0,0,Unreliable,0.99332327,dd528642-d0f6-42a9-bb7b-51b5c260d053#db91badc-1481-46fb-a103-f47cdba5c103#1a93cd2fc,1470,Dates -  1/5
33,4,36,4,4,4,0,0,5,5,7,0,7,0,4,0,6,4,5.4726368159203975,0.6633499170812603,5.970149253731343,0.6633499170812603,0.6633499170812603,0.6633499170812603,0.0,0.0,0.8291873963515755,0.8291873963515755,1.1608623548922057,0.0,1.1608623548922057,0.0,0.6633499170812603,0.0,0.9950248756218903,0.6633499170812603,6.03,0.0,0,0,1,0,0,Unreliable,0.9925075,3eb1a1c7-892e-42cb-8f69-ed2a4f80fa2a#2634ee60-f435-4eb1-8c1e-a14fac4dc5ca#1a6cef9e7,1470,Dates -  2/5
48,4,36,4,4,4,0,0,5,5,7,0,7,0,9,0,8,4,4.049949375632805,0.3374957813027337,3.0374620317246035,0.3374957813027337,0.3374957813027337,0.3374957813027337,0.0,0.0,0.4218697266284171,0.4218697266284171,0.590617617279784,0.0,0.590617617279784,0.0,0.7593655079311509,0.0,0.6749915626054674,0.3374957813027337,11.852,0.0,0,0,1,0,0,Unreliable,0.95330185,3eb1a1c7-892e-42cb-8f69-ed2a4f80fa2a#2634ee60-f435-4eb1-8c1e-a14fac4dc5ca#1a6cef9e7,1470,Dates -  4/5
34,4,36,4,4,4,0,0,5,5,7,0,7,0,5,0,5,3,4.972941348544683,0.5850519233581981,5.265467310223783,0.5850519233581981,0.5850519233581981,0.5850519233581981,0.0,0.0,0.7313149041977476,0.7313149041977476,1.0238408658768463,0.0,1.0238408658768463,0.0,0.7313149041977476,0.0,0.7313149041977476,0.4387889425186485,6.837,0.0,0,0,1,0,0,Unreliable,0.98660684,53724c31-4ac7-474d-987a-4b8e4797d72b#d5273666-4724-41aa-99d4-b399146ed2c4#1a6cef9e7,1470,Dates -  4/5
82,5,55,5,5,5,0,0,12,12,8,0,8,0,9,0,26,4,2.601853027033888,0.1586495748191395,1.7451453230105345,0.1586495748191395,0.1586495748191395,0.1586495748191395,0.0,0.0,0.3807589795659348,0.3807589795659348,0.2538393197106232,0.0,0.2538393197106232,0.0,0.2855692346744511,0.0,0.8249777890595253,0.1269196598553116,31.516,0.0,0,0,1,0,0,Unreliable,0.84217864,7bb4ef56-9d9c-47e9-b286-166d34c31f8a#4ece1735-06fe-4f0e-b077-c1f08a3d3686#144eca966,1470,Dates -  2/5
22,2,29,3,3,3,0,0,6,6,4,0,4,0,0,0,7,1,3.376304481276857,0.3069367710251688,4.450583179864948,0.4604051565377532,0.4604051565377532,0.4604051565377532,0.0,0.0,0.9208103130755064,0.9208103130755064,0.6138735420503376,0.0,0.6138735420503376,0.0,0.0,0.0,1.0742786985880908,0.1534683855125844,6.516,0.0,0,0,1,0,0,Unreliable,0.86987585,751f0dc4-9fc7-4a86-a597-e53b774ed6e0#7e6a82cf-ec05-4bd1-a787-1d7119936ba6#128afff59,1470,Dates -  1/5
23,3,29,3,3,3,0,0,5,5,5,0,5,0,0,0,6,4,3.419057529359298,0.4459640255686041,4.3109855804965065,0.4459640255686041,0.4459640255686041,0.4459640255686041,0.0,0.0,0.7432733759476735,0.7432733759476735,0.7432733759476735,0.0,0.7432733759476735,0.0,0.0,0.0,0.8919280511372082,0.5946187007581388,6.727,0.0,0,0,1,0,0,Unreliable,0.9611567,c74ea20d-678b-4d3a-a781-1588c1672e0b#896f4471-5dd5-4b3b-a040-082baee01eee#128afff59,1470,Dates -  4/5
26,0,9,1,1,1,0,0,3,3,0,0,0,0,0,0,9,0,9.206798866855523,0.0,3.186968838526912,0.3541076487252125,0.3541076487252125,0.3541076487252125,0.0,0.0,1.0623229461756374,1.0623229461756374,0.0,0.0,0.0,0.0,0.0,0.0,3.186968838526912,0.0,2.824,0.0,0,0,1,0,0,Unreliable,0.76097554,e57fadd5-caf4-46aa-bb49-bf69baba59ae#82413acb-33d5-4d16-b7be-2e88909a3b24#1d00ee88f,1470,Dates -  4/5
77,5,45,5,5,5,0,0,7,7,8,0,8,0,1,0,17,4,5.584971349822296,0.362660477261188,3.2639442953506923,0.362660477261188,0.362660477261188,0.362660477261188,0.0,0.0,0.5077246681656633,0.5077246681656633,0.5802567636179009,0.0,0.5802567636179009,0.0,0.0725320954522376,0.0,1.2330456226880393,0.2901283818089504,13.787,0.0,0,0,1,0,0,Unreliable,0.92127097,ee40bab5-0399-47e3-862c-30187c5e2bcd#0e7e8b45-285b-4c26-92ec-ca052860c918#156e3244c,1470,Dates -  2/5
49,6,75,7,7,7,0,0,12,12,15,0,15,0,0,0,9,12,3.1422341926381945,0.3847633705271258,4.8095421315890725,0.4488905989483134,0.4488905989483134,0.4488905989483134,0.0,0.0,0.7695267410542517,0.7695267410542517,0.9619084263178146,0.0,0.9619084263178146,0.0,0.0,0.0,0.5771450557906888,0.7695267410542517,15.594,0.0,0,0,1,0,0,Unreliable,0.98991954,9ecfb37e-b311-40a6-8bad-75b9d98f7403#535da790-f013-4373-bee1-26aade938108#1d0e63d2c,1470,Dates -  1/5
25,3,29,3,3,3,0,0,5,5,5,0,5,0,0,0,6,4,4.017354973485458,0.4820825968182549,4.66013176924313,0.4820825968182549,0.4820825968182549,0.4820825968182549,0.0,0.0,0.8034709946970915,0.8034709946970915,0.8034709946970915,0.0,0.8034709946970915,0.0,0.0,0.0,0.9641651936365098,0.6427767957576732,6.223,0.0,0,0,1,0,0,Unreliable,0.9674488,751f0dc4-9fc7-4a86-a597-e53b774ed6e0#7e6a82cf-ec05-4bd1-a787-1d7119936ba6#128afff59,1470,Dates -  2/5
73,0,23,1,1,1,0,0,10,10,0,0,0,0,0,0,32,0,3.7078423405119874,0.0,1.1682242990654206,0.0507923608289313,0.0507923608289313,0.0507923608289313,0.0,0.0,0.5079236082893133,0.5079236082893133,0.0,0.0,0.0,0.0,0.0,0.0,1.6253555465258027,0.0,19.688,0.0,0,0,1,0,0,Unreliable,0.9710334,6b3a7717-dd2f-470e-9ad3-df0023fd82fe#9f0bafb3-d1b2-4722-adab-e4e4c25e8db7#1a3bf95eb,1470,Dates -  4/5
64,9,91,9,9,9,0,0,17,17,15,0,15,0,16,0,16,8,2.9101491451436883,0.4092397235358312,4.137868315751182,0.4092397235358312,0.4092397235358312,0.4092397235358312,0.0,0.0,0.7730083666787922,0.7730083666787922,0.682066205893052,0.0,0.682066205893052,0.0,0.7275372862859221,0.0,0.7275372862859221,0.363768643142961,21.992,0.0,0,0,1,0,0,Unreliable,0.97003156,7bb4ef56-9d9c-47e9-b286-166d34c31f8a#4ece1735-06fe-4f0e-b077-c1f08a3d3686#144eca966,1470,Dates -  3/5
25,0,9,1,1,1,0,0,3,3,0,0,0,0,0,0,9,0,8.313934153641503,0.0,2.993016295310941,0.3325573661456601,0.3325573661456601,0.3325573661456601,0.0,0.0,0.9976720984369803,0.9976720984369803,0.0,0.0,0.0,0.0,0.0,0.0,2.993016295310941,0.0,3.007,0.0,0,0,1,0,0,Unreliable,0.785045,ccc43c59-6517-466d-960f-c4e6dd87a9c6#55b96be6-5a4e-4a59-8890-c9abc3ae7c91#1d00ee88f,1470,Dates -  4/5
53,8,24,2,2,2,0,0,9,9,0,0,0,0,0,0,23,0,6.678427419354839,1.0080645161290325,3.024193548387097,0.252016129032258,0.252016129032258,0.252016129032258,0.0,0.0,1.1340725806451613,1.1340725806451613,0.0,0.0,0.0,0.0,0.0,0.0,2.898185483870968,0.0,7.936,0.0,0,0,1,0,0,Unreliable,0.835125,9eaa26dd-46c5-4662-8028-26ce4926fb51#e5a8023c-f0fb-4ca5-a832-847a76dd6717#1f9ae5177,1470,Dates -  2/5
66,5,45,5,5,5,0,0,7,7,8,0,8,0,1,0,14,4,5.772258177365751,0.4372922861640721,3.9356305754766487,0.4372922861640721,0.4372922861640721,0.4372922861640721,0.0,0.0,0.612209200629701,0.612209200629701,0.6996676578625154,0.0,0.6996676578625154,0.0,0.0874584572328144,0.0,1.224418401259402,0.3498338289312577,11.434,0.0,0,0,1,0,0,Unreliable,0.9449767,ee40bab5-0399-47e3-862c-30187c5e2bcd#0e7e8b45-285b-4c26-92ec-ca052860c918#156e3244c,1470,Dates -  4/5
65,7,24,2,2,4,0,0,8,8,0,0,0,0,3,0,26,0,4.532459382190921,0.4881110103897915,1.673523464193571,0.1394602886827975,0.1394602886827975,0.2789205773655951,0.0,0.0,0.5578411547311903,0.5578411547311903,0.0,0.0,0.0,0.0,0.2091904330241963,0.0,1.8129837528763688,0.0,14.341,0.0,0,0,1,0,0,Unreliable,0.91569585,4e19922c-9f08-4e84-b099-e32a19360a4b#243c5e1a-5532-4a77-9efa-f675672ed27f#165f4615b,1470,Dates -  5/5
22,3,29,3,3,3,0,0,5,5,5,0,5,0,0,0,5,3,4.447139680614514,0.6064281382656155,5.86213866990095,0.6064281382656155,0.6064281382656155,0.6064281382656155,0.0,0.0,1.0107135637760258,1.0107135637760258,1.0107135637760258,0.0,1.0107135637760258,0.0,0.0,0.0,1.0107135637760258,0.6064281382656155,4.947,0.0,0,0,1,0,0,Unreliable,0.97875494,fff6868-cca2-491b-b190-cbac13c201a5#cb124c9c-53ef-4166-9d09-066de0ba23bf#128afff59,1470,Dates -  4/5
68,4,45,5,5,5,0,0,7,7,8,0,8,0,4,0,15,6,6.797960611816455,0.3998800359892032,4.4986504048785365,0.499850044986504,0.499850044986504,0.499850044986504,0.0,0.0,0.6997900629811057,0.6997900629811057,0.7997600719784065,0.0,0.7997600719784065,0.0,0.3998800359892032,0.0,1.4995501349595122,0.5998200539838049,10.003,0.0,0,0,1,0,0,Unreliable,0.96744454,67db3a45-ec32-470b-ae8e-618fc8a26f93#e786ff78-5ab1-4e03-b10f-a6899bef13fe#156e3244c,1470,Dates -  3/5
23,3,30,3,3,4,0,0,5,5,5,0,5,0,0,0,6,4,4.385964912280702,0.5720823798627003,5.720823798627003,0.5720823798627003,0.5720823798627003,0.7627765064836003,0.0,0.0,0.9534706331045004,0.9534706331045004,0.9534706331045004,0.0,0.9534706331045004,0.0,0.0,0.0,1.1441647597254003,0.7627765064836003,5.244,0.0,0,0,1,0,0,Unreliable,0.97859406,fff6868-cca2-491b-b190-cbac13c201a5#cb124c9c-53ef-4166-9d09-066de0ba23bf#128afff59,1470,Dates -  5/5
60,13,31,3,3,4,0,0,10,11,0,0,0,0,13,0,26,0,5.278901988386416,1.1437620974837237,2.7274326939996483,0.2639450994193208,0.2639450994193208,0.351926799225761,0.0,0.0,0.8798169980644026,0.9677986978708428,0.0,0.0,0.0,0.0,1.1437620974837237,0.0,2.287524194967447,0.0,11.366,0.0,0,0,1,0,0,Unreliable,0.85140526,beabd091-853a-40bc-b495-3b36c4396d3b#95e5fac8-1e95-4b2f-8716-bf1823b372c7#1f9ae5177,1470,Dates -  5/5
